{"scribbles": [[], [], [], [], [], [], [], [], [], [], [], [], [{"path": [[0.20901639344262296, 0.4809741248097412], [0.20799180327868852, 0.4779299847792998], [0.20799180327868852, 0.4733637747336377], [0.21209016393442623, 0.4687975646879756], [0.21618852459016394, 0.4657534246575342], [0.22028688524590165, 0.4627092846270928], [0.22643442622950818, 0.4627092846270928], [0.22950819672131148, 0.4657534246575342], [0.2336065573770492, 0.471841704718417], [0.23565573770491804, 0.4809741248097412], [0.23668032786885246, 0.4961948249619482], [0.23668032786885246, 0.5114155251141552], [0.23565573770491804, 0.5312024353120244], [0.2336065573770492, 0.5494672754946728], [0.23258196721311475, 0.5677321156773212], [0.2305327868852459, 0.5859969558599696], [0.22848360655737704, 0.604261796042618], [0.22745901639344263, 0.624048706240487], [0.22643442622950818, 0.6423135464231354], [0.22540983606557377, 0.6621004566210046], [0.22540983606557377, 0.6818873668188736], [0.22540983606557377, 0.6986301369863014], [0.22540983606557377, 0.7123287671232876], [0.22540983606557377, 0.7245053272450532], [0.22643442622950818, 0.7321156773211568], [0.22848360655737704, 0.7382039573820396], [0.22950819672131148, 0.741248097412481]], "object_id": 1, "start_time": 0, "end_time": 214}, {"path": [[0.3729508196721312, 0.5768645357686454], [0.375, 0.5662100456621004], [0.3780737704918033, 0.5616438356164384], [0.3862704918032787, 0.5509893455098934], [0.39139344262295084, 0.54337899543379], [0.3975409836065574, 0.5357686453576864], [0.4036885245901639, 0.5312024353120244], [0.4067622950819672, 0.528158295281583], [0.4139344262295082, 0.5251141552511416], [0.4180327868852459, 0.5251141552511416], [0.42110655737704916, 0.5266362252663622], [0.42213114754098363, 0.532724505327245], [0.42315573770491804, 0.5403348554033486], [0.42315573770491804, 0.5525114155251142], [0.42315573770491804, 0.5646879756468798], [0.42213114754098363, 0.5799086757990868], [0.42110655737704916, 0.5951293759512938], [0.42110655737704916, 0.60882800608828], [0.42008196721311475, 0.6210045662100456], [0.42008196721311475, 0.6331811263318112], [0.42110655737704916, 0.6423135464231354], [0.42213114754098363, 0.649923896499239], [0.42520491803278687, 0.654490106544901], [0.42725409836065575, 0.6575342465753424], [0.4323770491803279, 0.6575342465753424], [0.4364754098360656, 0.6560121765601218], [0.4415983606557377, 0.6514459665144596], [0.4487704918032787, 0.6423135464231354], [0.45594262295081966, 0.6316590563165906], [0.46311475409836067, 0.619482496194825], [0.4702868852459016, 0.6073059360730594], [0.47848360655737704, 0.5981735159817352], [0.48463114754098363, 0.593607305936073], [0.48975409836065575, 0.589041095890411], [0.4959016393442623, 0.589041095890411], [0.5, 0.589041095890411], [0.5030737704918032, 0.5920852359208524], [0.5061475409836066, 0.5951293759512938], [0.5081967213114754, 0.6012176560121766], [0.5102459016393442, 0.60882800608828], [0.5122950819672131, 0.6164383561643836], [0.5133196721311475, 0.624048706240487], [0.514344262295082, 0.6331811263318112], [0.5163934426229508, 0.6423135464231354], [0.5174180327868853, 0.6514459665144596], [0.5194672131147541, 0.6621004566210046], [0.5215163934426229, 0.669710806697108], [0.5245901639344263, 0.6757990867579908], [0.5276639344262295, 0.6818873668188736], [0.5317622950819673, 0.684931506849315], [0.5358606557377049, 0.6879756468797564], [0.5409836065573771, 0.6910197869101978], [0.5450819672131147, 0.6971080669710806], [0.548155737704918, 0.7031963470319634], [0.5512295081967213, 0.710806697108067], [0.5543032786885246, 0.7199391171993912], [0.5573770491803278, 0.7275494672754946], [0.5604508196721312, 0.7351598173515982], [0.5635245901639344, 0.741248097412481], [0.5686475409836066, 0.7473363774733638], [0.5737704918032787, 0.7503805175038052], [0.5799180327868853, 0.7534246575342466], [0.5850409836065574, 0.7549467275494672], [0.5922131147540983, 0.7595129375951294], [0.5993852459016393, 0.7640791476407914], [0.6065573770491803, 0.7686453576864536], [0.6137295081967213, 0.7732115677321156], [0.6209016393442623, 0.7777777777777778], [0.6270491803278688, 0.7823439878234398], [0.632172131147541, 0.786910197869102], [0.6372950819672131, 0.791476407914764]], "object_id": 1, "start_time": 734, "end_time": 1324}], [], [], [], [], [], [], [], [], [], [], [], []], "sequence": "dog-agility"}