{"scribbles": [[], [], [], [], [], [], [], [], [], [], [], [], [], [], [], [], [], [], [], [], [{"path": [[0.18032786885245902, 0.4916286149162861], [0.17930327868852458, 0.4916286149162861], [0.1762295081967213, 0.4901065449010654], [0.17520491803278687, 0.4885844748858447], [0.17315573770491804, 0.4885844748858447], [0.1721311475409836, 0.4885844748858447], [0.1711065573770492, 0.487062404870624], [0.17008196721311475, 0.487062404870624], [0.16905737704918034, 0.487062404870624], [0.1680327868852459, 0.4885844748858447], [0.16598360655737704, 0.4901065449010654], [0.16393442622950818, 0.4931506849315068], [0.16086065573770492, 0.4961948249619482], [0.15881147540983606, 0.4977168949771689], [0.1557377049180328, 0.5007610350076104], [0.15471311475409835, 0.502283105022831], [0.15163934426229508, 0.5038051750380518], [0.15061475409836064, 0.5038051750380518], [0.14959016393442623, 0.5038051750380518], [0.14754098360655737, 0.5038051750380518], [0.14651639344262296, 0.502283105022831], [0.14549180327868852, 0.5007610350076104], [0.1444672131147541, 0.4992389649923896], [0.1444672131147541, 0.4977168949771689], [0.1444672131147541, 0.4946727549467275], [0.14344262295081966, 0.4916286149162861], [0.14344262295081966, 0.4901065449010654], [0.14241803278688525, 0.4885844748858447], [0.14241803278688525, 0.4855403348554033], [0.1413934426229508, 0.4855403348554033], [0.14241803278688525, 0.4885844748858447], [0.14241803278688525, 0.4916286149162861], [0.14344262295081966, 0.4961948249619482], [0.1444672131147541, 0.502283105022831], [0.14549180327868852, 0.5068493150684932], [0.14651639344262296, 0.512937595129376], [0.14754098360655737, 0.5190258751902588], [0.14856557377049182, 0.5235920852359208], [0.15061475409836064, 0.5266362252663622], [0.15163934426229508, 0.5296803652968036], [0.15368852459016394, 0.5312024353120244], [0.1557377049180328, 0.532724505327245], [0.15881147540983606, 0.532724505327245], [0.16290983606557377, 0.5312024353120244], [0.1680327868852459, 0.5266362252663622], [0.1711065573770492, 0.5235920852359208]], "object_id": 2, "start_time": 0, "end_time": 407}, {"path": [[0.3073770491803279, 0.2374429223744292], [0.3073770491803279, 0.2389649923896499], [0.3084016393442623, 0.2465753424657534], [0.3104508196721312, 0.2526636225266362], [0.3114754098360656, 0.2572298325722983], [0.3125, 0.2602739726027397], [0.3135245901639344, 0.2648401826484018], [0.3145491803278688, 0.2694063926940639], [0.3145491803278688, 0.273972602739726], [0.3155737704918033, 0.2785388127853881], [0.3155737704918033, 0.2831050228310502], [0.3155737704918033, 0.2876712328767123], [0.3155737704918033, 0.2937595129375951], [0.3155737704918033, 0.2968036529680365], [0.3145491803278688, 0.3013698630136986], [0.3145491803278688, 0.30441400304414], [0.3145491803278688, 0.3059360730593607], [0.3145491803278688, 0.3089802130898021], [0.3145491803278688, 0.3120243531202435], [0.3145491803278688, 0.3150684931506849], [0.3145491803278688, 0.3181126331811263], [0.3135245901639344, 0.3226788432267884], [0.3114754098360656, 0.3257229832572298], [0.3104508196721312, 0.3287671232876712], [0.3084016393442623, 0.3318112633181126], [0.305327868852459, 0.3333333333333333], [0.30327868852459017, 0.3363774733637747], [0.3012295081967213, 0.3378995433789954], [0.30020491803278687, 0.3378995433789954], [0.30020491803278687, 0.3394216133942161], [0.30225409836065575, 0.3394216133942161], [0.3043032786885246, 0.3394216133942161], [0.3073770491803279, 0.3378995433789954], [0.3104508196721312, 0.3363774733637747], [0.3145491803278688, 0.334855403348554], [0.31864754098360654, 0.3333333333333333], [0.32172131147540983, 0.3318112633181126], [0.32479508196721313, 0.3318112633181126], [0.32684426229508196, 0.3318112633181126], [0.33094262295081966, 0.3333333333333333], [0.33299180327868855, 0.334855403348554], [0.3350409836065574, 0.3363774733637747], [0.33709016393442626, 0.3394216133942161], [0.33811475409836067, 0.3439878234398782], [0.3391393442622951, 0.3485540334855403], [0.3401639344262295, 0.3531202435312024], [0.3401639344262295, 0.3576864535768645], [0.3401639344262295, 0.3607305936073059], [0.3391393442622951, 0.3698630136986301], [0.3360655737704918, 0.3774733637747336], [0.33401639344262296, 0.3850837138508371], [0.32991803278688525, 0.3942161339421613], [0.32684426229508196, 0.4018264840182648], [0.3237704918032787, 0.410958904109589], [0.3206967213114754, 0.4170471841704718], [0.319672131147541, 0.4246575342465753], [0.31864754098360654, 0.4292237442922374], [0.31864754098360654, 0.4337899543378995], [0.31864754098360654, 0.4353120243531202], [0.3206967213114754, 0.4398782343987823], [0.32274590163934425, 0.441400304414003], [0.32684426229508196, 0.441400304414003], [0.32991803278688525, 0.441400304414003], [0.33299180327868855, 0.441400304414003], [0.3350409836065574, 0.4429223744292237], [0.33709016393442626, 0.4444444444444444], [0.33811475409836067, 0.4459665144596651], [0.3391393442622951, 0.4490106544901065], [0.3401639344262295, 0.4535768645357686], [0.3401639344262295, 0.4581430745814307], [0.3401639344262295, 0.4642313546423135], [0.3401639344262295, 0.4703196347031963], [0.3401639344262295, 0.4764079147640791], [0.3391393442622951, 0.4824961948249619], [0.3391393442622951, 0.4885844748858447], [0.3401639344262295, 0.4946727549467275]], "object_id": 1, "start_time": 5243, "end_time": 5878}], [], [], [], [], [], [], [], [], [], [], [], [], [], [], [], [], [], [], [], [], [], [], [], [], [], [], [], [], [], [], [], [], [], [], [], [], [], [], [], [], [], [], [], [], [], [], [], [], []], "sequence": "tennis"}