{"scribbles": [[], [], [], [], [], [], [], [], [], [], [], [], [], [], [], [], [], [], [{"path": [[0.36577868852459017, 0.4155251141552511], [0.36475409836065575, 0.4155251141552511], [0.3637295081967213, 0.4155251141552511]], "object_id": 1, "start_time": 0, "end_time": 19}, {"path": [[0.38114754098360654, 0.3850837138508371], [0.3780737704918033, 0.3789954337899543], [0.375, 0.3759512937595129], [0.3739754098360656, 0.3744292237442922], [0.3719262295081967, 0.3744292237442922], [0.3698770491803279, 0.3744292237442922], [0.3698770491803279, 0.3759512937595129], [0.3668032786885246, 0.3789954337899543], [0.36577868852459017, 0.3820395738203957], [0.3637295081967213, 0.3835616438356164], [0.36270491803278687, 0.3866057838660578], [0.36065573770491804, 0.3881278538812785], [0.35860655737704916, 0.3896499238964992], [0.35758196721311475, 0.3896499238964992], [0.35450819672131145, 0.3911719939117199], [0.3514344262295082, 0.3942161339421613], [0.35040983606557374, 0.3942161339421613], [0.3483606557377049, 0.395738203957382], [0.3473360655737705, 0.395738203957382], [0.3463114754098361, 0.3972602739726027], [0.3452868852459016, 0.4003044140030441], [0.3442622950819672, 0.4048706240487062], [0.3432377049180328, 0.4094368340943683], [0.3401639344262295, 0.4170471841704718], [0.33811475409836067, 0.4246575342465753], [0.33401639344262296, 0.4337899543378995], [0.33094262295081966, 0.441400304414003], [0.32889344262295084, 0.4505327245053272], [0.32684426229508196, 0.4581430745814307], [0.32684426229508196, 0.4657534246575342], [0.32786885245901637, 0.4703196347031963], [0.32991803278688525, 0.4748858447488584], [0.33401639344262296, 0.4779299847792998], [0.3391393442622951, 0.4809741248097412], [0.3442622950819672, 0.4840182648401826], [0.34938524590163933, 0.4855403348554033], [0.3555327868852459, 0.487062404870624], [0.35963114754098363, 0.4901065449010654], [0.36270491803278687, 0.4931506849315068], [0.36577868852459017, 0.4977168949771689], [0.3668032786885246, 0.5038051750380518], [0.3668032786885246, 0.5114155251141552], [0.36475409836065575, 0.5190258751902588], [0.36168032786885246, 0.528158295281583], [0.35860655737704916, 0.5357686453576864], [0.3555327868852459, 0.5449010654490106], [0.3524590163934426, 0.5540334855403348], [0.35040983606557374, 0.5616438356164384], [0.3483606557377049, 0.5692541856925418], [0.3483606557377049, 0.578386605783866], [0.3483606557377049, 0.5814307458143074], [0.34938524590163933, 0.5951293759512938], [0.3514344262295082, 0.604261796042618], [0.35348360655737704, 0.6133942161339422], [0.35450819672131145, 0.6179604261796042], [0.35450819672131145, 0.634703196347032], [0.35450819672131145, 0.6468797564687976], [0.3524590163934426, 0.6605783866057838], [0.3483606557377049, 0.6742770167427702], [0.3452868852459016, 0.6864535768645358], [0.3422131147540984, 0.6986301369863014], [0.3401639344262295, 0.7077625570776256], [0.3391393442622951, 0.715372907153729], [0.3391393442622951, 0.7214611872146118], [0.3411885245901639, 0.7275494672754946], [0.3452868852459016, 0.730593607305936], [0.35040983606557374, 0.7336377473363774], [0.35758196721311475, 0.7366818873668188], [0.3637295081967213, 0.7397260273972602], [0.3698770491803279, 0.7427701674277016], [0.375, 0.7473363774733638], [0.3801229508196721, 0.7519025875190258], [0.38422131147540983, 0.756468797564688], [0.3862704918032787, 0.7640791476407914], [0.3862704918032787, 0.771689497716895], [0.3862704918032787, 0.7792998477929984], [0.38524590163934425, 0.786910197869102], [0.38422131147540983, 0.7945205479452054], [0.382172131147541, 0.8036529680365296], [0.38114754098360654, 0.8112633181126332], [0.3790983606557377, 0.8188736681887366], [0.3770491803278688, 0.8280060882800608], [0.375, 0.837138508371385], [0.3729508196721312, 0.8462709284627092], [0.3719262295081967, 0.8538812785388128], [0.3709016393442623, 0.8599695585996956], [0.3709016393442623, 0.8660578386605784], [0.3719262295081967, 0.8706240487062404], [0.3729508196721312, 0.8721461187214612]], "object_id": 1, "start_time": 214, "end_time": 940}, {"path": [[0.826844262295082, 0.6788432267884322], [0.8258196721311475, 0.6788432267884322], [0.8247950819672131, 0.6773211567732116], [0.8258196721311475, 0.6773211567732116], [0.8278688524590164, 0.6773211567732116], [0.8309426229508197, 0.6773211567732116], [0.8360655737704918, 0.6773211567732116], [0.8411885245901639, 0.6788432267884322], [0.8483606557377049, 0.6788432267884322], [0.8545081967213115, 0.680365296803653], [0.860655737704918, 0.6818873668188736], [0.8657786885245902, 0.684931506849315], [0.8698770491803278, 0.6879756468797564], [0.8719262295081968, 0.6910197869101978], [0.8729508196721312, 0.6971080669710806], [0.8739754098360656, 0.7031963470319634], [0.8729508196721312, 0.7077625570776256], [0.8719262295081968, 0.7123287671232876], [0.8688524590163934, 0.7229832572298326], [0.8657786885245902, 0.730593607305936], [0.8637295081967213, 0.7382039573820396], [0.8616803278688525, 0.7473363774733638], [0.8616803278688525, 0.7534246575342466], [0.8627049180327869, 0.7595129375951294], [0.8657786885245902, 0.7656012176560122], [0.8709016393442623, 0.7701674277016742], [0.8739754098360656, 0.7732115677321156], [0.8811475409836066, 0.7792998477929984], [0.8862704918032787, 0.7853881278538812], [0.8903688524590164, 0.791476407914764], [0.8913934426229508, 0.7960426179604262], [0.8924180327868853, 0.802130898021309], [0.8924180327868853, 0.8097412480974124], [0.8924180327868853, 0.8158295281582952], [0.8924180327868853, 0.821917808219178], [0.8924180327868853, 0.8280060882800608], [0.8934426229508197, 0.8340943683409436], [0.8944672131147541, 0.8386605783866058], [0.8965163934426229, 0.8447488584474886], [0.8975409836065574, 0.8508371385083714], [0.8975409836065574, 0.8569254185692542], [0.8995901639344263, 0.8614916286149162], [0.9006147540983607, 0.8660578386605784], [0.9026639344262295, 0.8706240487062404], [0.9067622950819673, 0.8751902587519026], [0.9108606557377049, 0.8797564687975646], [0.9139344262295082, 0.8812785388127854]], "object_id": 2, "start_time": 2933, "end_time": 3331}], [], [], [], [], [], [], [], [], [], [], [], [], [], [], [], [], [], [], [], [], [], [], [], [], [], [], [], [], [], [], [], [], [], [], [], [], [], [], [], [], [], [], [], [], [], []], "sequence": "upside-down"}