{"auc": 0.7379496589319501, "metric_at_threshold": {"threshold": 60, "J": 0.7261370853899924}, "curve": {"time": [0.0, 18.734091822306315, 35.871727098359, 52.989210065205896, 70.12475161817339, 87.23802921507094, 104.37933271461063, 121.49432552655537, 138.6339057392544, 488.0], "J": [0.0, 0.6536510629360367, 0.6946499725107417, 0.7169810666257782, 0.7393599057370874, 0.7487912951708671, 0.7558397907092748, 0.7590160454199991, 0.7621105247685183, 0.7621105247685183]}}
