{"auc": 0.7498211712449303, "metric_at_threshold": {"threshold": 60, "J": 0.7488167148128094}, "curve": {"time": [0.0, 12.121392279201084, 22.967818405893112, 33.91935606267717, 44.90722281403011, 55.839326487647156, 66.84062054157256, 77.66048529148101, 88.66441979143355, 488.0], "J": [0.0, 0.653798925621106, 0.6949513361349147, 0.7195946098262886, 0.735325025469287, 0.7450858387310274, 0.7549506994879654, 0.7606574611522863, 0.7661569796758283, 0.7661569796758283]}}
