{"scribbles": [[], [], [], [], [], [], [], [], [], [], [], [], [], [], [], [], [], [], [], [], [{"path": [[0.33094262295081966, 0.517503805175038], [0.32889344262295084, 0.517503805175038], [0.32274590163934425, 0.512937595129376], [0.3206967213114754, 0.512937595129376], [0.3176229508196721, 0.512937595129376], [0.3125, 0.512937595129376], [0.3084016393442623, 0.5144596651445966], [0.30327868852459017, 0.5190258751902588], [0.29713114754098363, 0.5266362252663622], [0.2930327868852459, 0.5357686453576864], [0.28790983606557374, 0.5464231354642314], [0.2848360655737705, 0.5570776255707762], [0.2827868852459016, 0.5677321156773212], [0.2827868852459016, 0.5753424657534246], [0.2838114754098361, 0.5814307458143074], [0.28790983606557374, 0.5859969558599696]], "object_id": 2, "start_time": 0, "end_time": 117}, {"path": [[0.26639344262295084, 0.6773211567732116], [0.26844262295081966, 0.6818873668188736], [0.2735655737704918, 0.6864535768645358], [0.27561475409836067, 0.6864535768645358], [0.2807377049180328, 0.6894977168949772], [0.28688524590163933, 0.6894977168949772], [0.2930327868852459, 0.6864535768645358], [0.30327868852459017, 0.6818873668188736], [0.3073770491803279, 0.6788432267884322], [0.31864754098360654, 0.6712328767123288], [0.32684426229508196, 0.665144596651446], [0.32991803278688525, 0.6621004566210046], [0.3422131147540984, 0.6514459665144596], [0.3463114754098361, 0.6468797564687976], [0.35758196721311475, 0.6331811263318112], [0.36065573770491804, 0.6270928462709284], [0.3668032786885246, 0.6179604261796042], [0.3760245901639344, 0.604261796042618], [0.3790983606557377, 0.5996955859969558], [0.38422131147540983, 0.5920852359208524], [0.39036885245901637, 0.5844748858447488], [0.39651639344262296, 0.578386605783866], [0.4057377049180328, 0.5662100456621004], [0.4077868852459016, 0.5616438356164384], [0.4149590163934426, 0.5525114155251142], [0.42520491803278687, 0.5388127853881278], [0.42827868852459017, 0.5342465753424658], [0.4354508196721312, 0.5266362252663622], [0.4426229508196721, 0.5205479452054794], [0.44979508196721313, 0.517503805175038], [0.45594262295081966, 0.512937595129376], [0.46311475409836067, 0.5114155251141552], [0.4692622950819672, 0.5098934550989346], [0.47438524590163933, 0.5083713850837138], [0.48155737704918034, 0.5038051750380518], [0.48463114754098363, 0.502283105022831], [0.4887295081967213, 0.4961948249619482], [0.492827868852459, 0.4885844748858447], [0.4948770491803279, 0.4809741248097412], [0.4969262295081967, 0.4687975646879756], [0.4979508196721312, 0.4535768645357686], [0.4979508196721312, 0.4474885844748858], [0.4979508196721312, 0.4322678843226788], [0.4979508196721312, 0.4277016742770167], [0.4979508196721312, 0.4124809741248097], [0.4979508196721312, 0.4079147640791476], [0.4979508196721312, 0.3972602739726027], [0.4979508196721312, 0.380517503805175], [0.4979508196721312, 0.3683409436834094], [0.4989754098360656, 0.3607305936073059], [0.5010245901639344, 0.3439878234398782], [0.5030737704918032, 0.3378995433789954], [0.5061475409836066, 0.3272450532724505], [0.5102459016393442, 0.3150684931506849], [0.5133196721311475, 0.3059360730593607], [0.5153688524590164, 0.3028919330289193], [0.5184426229508197, 0.2968036529680365], [0.5215163934426229, 0.2907153729071537], [0.5256147540983607, 0.2815829528158295], [0.5266393442622951, 0.2800608828006088], [0.5317622950819673, 0.2694063926940639], [0.5327868852459017, 0.2663622526636225], [0.5379098360655737, 0.2572298325722983], [0.5389344262295082, 0.2541856925418569], [0.5430327868852459, 0.2465753424657534], [0.5450819672131147, 0.2450532724505327], [0.5450819672131147, 0.243531202435312], [0.5461065573770492, 0.243531202435312], [0.5461065573770492, 0.2450532724505327], [0.5471311475409836, 0.2526636225266362], [0.5471311475409836, 0.2557077625570776], [0.5471311475409836, 0.2678843226788432], [0.548155737704918, 0.273972602739726], [0.548155737704918, 0.2922374429223744], [0.5491803278688525, 0.3059360730593607], [0.5491803278688525, 0.3150684931506849], [0.5491803278688525, 0.3378995433789954], [0.5491803278688525, 0.3470319634703196], [0.5491803278688525, 0.3683409436834094], [0.5491803278688525, 0.3835616438356164], [0.5491803278688525, 0.3911719939117199], [0.5491803278688525, 0.410958904109589], [0.5491803278688525, 0.4185692541856925], [0.5491803278688525, 0.4398782343987823], [0.5491803278688525, 0.4459665144596651], [0.5491803278688525, 0.4596651445966514], [0.548155737704918, 0.4809741248097412], [0.548155737704918, 0.4931506849315068], [0.5471311475409836, 0.5007610350076104], [0.5471311475409836, 0.5190258751902588], [0.5471311475409836, 0.5266362252663622], [0.5461065573770492, 0.547945205479452], [0.5461065573770492, 0.5555555555555556], [0.5450819672131147, 0.573820395738204], [0.5450819672131147, 0.5814307458143074], [0.5440573770491803, 0.5920852359208524], [0.5440573770491803, 0.6073059360730594], [0.5440573770491803, 0.6118721461187214], [0.5461065573770492, 0.6225266362252664], [0.5471311475409836, 0.624048706240487], [0.5491803278688525, 0.6286149162861492], [0.5563524590163934, 0.6316590563165906], [0.5584016393442623, 0.6316590563165906], [0.5676229508196722, 0.6316590563165906], [0.5717213114754098, 0.6301369863013698], [0.5799180327868853, 0.6270928462709284], [0.5932377049180327, 0.6255707762557078], [0.6014344262295082, 0.6255707762557078], [0.6055327868852459, 0.6255707762557078], [0.617827868852459, 0.6286149162861492], [0.6209016393442623, 0.6301369863013698], [0.6311475409836066, 0.6362252663622526], [0.6342213114754098, 0.6407914764079148], [0.6413934426229508, 0.649923896499239], [0.6434426229508197, 0.654490106544901], [0.6465163934426229, 0.6621004566210046], [0.6495901639344263, 0.669710806697108], [0.6536885245901639, 0.6818873668188736], [0.6547131147540983, 0.6864535768645358], [0.6588114754098361, 0.6986301369863014], [0.6598360655737705, 0.7031963470319634], [0.6639344262295082, 0.7123287671232876], [0.6659836065573771, 0.7138508371385084], [0.6711065573770492, 0.7199391171993912], [0.673155737704918, 0.7214611872146118], [0.6782786885245902, 0.7245053272450532], [0.6864754098360656, 0.7275494672754946], [0.6895491803278688, 0.7275494672754946], [0.6956967213114754, 0.7290715372907154], [0.7049180327868853, 0.7321156773211568], [0.7090163934426229, 0.7336377473363774], [0.7182377049180327, 0.7351598173515982], [0.7213114754098361, 0.7366818873668188], [0.7315573770491803, 0.7397260273972602], [0.7336065573770492, 0.741248097412481], [0.7397540983606558, 0.7442922374429224], [0.7438524590163934, 0.7488584474885844], [0.7489754098360656, 0.7549467275494672], [0.7530737704918032, 0.7640791476407914], [0.7551229508196722, 0.7686453576864536], [0.757172131147541, 0.7747336377473364], [0.7602459016393442, 0.7792998477929984], [0.7622950819672131, 0.7823439878234398], [0.764344262295082, 0.7853881278538812], [0.7663934426229508, 0.7899543378995434], [0.7674180327868853, 0.7929984779299848], [0.7674180327868853, 0.7945205479452054], [0.7663934426229508, 0.7945205479452054], [0.764344262295082, 0.7945205479452054], [0.7602459016393442, 0.7945205479452054], [0.7520491803278688, 0.791476407914764], [0.7489754098360656, 0.7899543378995434], [0.7407786885245902, 0.7853881278538812], [0.7315573770491803, 0.7808219178082192], [0.7223360655737705, 0.7747336377473364], [0.7069672131147541, 0.7640791476407914], [0.701844262295082, 0.7579908675799086], [0.6834016393442623, 0.741248097412481], [0.6721311475409836, 0.7275494672754946], [0.6649590163934426, 0.7214611872146118], [0.6465163934426229, 0.7031963470319634], [0.6413934426229508, 0.6986301369863014], [0.6290983606557377, 0.6925418569254186], [0.6168032786885246, 0.6894977168949772], [0.6055327868852459, 0.6894977168949772], [0.5942622950819673, 0.6894977168949772], [0.5788934426229508, 0.6910197869101978], [0.5747950819672131, 0.6910197869101978], [0.5614754098360656, 0.69558599695586], [0.5584016393442623, 0.6971080669710806], [0.5512295081967213, 0.700152207001522], 