{"scribbles": [[], [], [], [], [], [], [], [], [], [], [], [], [], [], [], [], [], [], [], [], [], [], [], [], [], [], [], [], [], [], [], [], [], [], [], [], [{"path": [[0.1987704918032787, 0.7853881278538812], [0.19774590163934427, 0.7853881278538812], [0.19672131147540983, 0.7853881278538812], [0.19672131147540983, 0.786910197869102], [0.19672131147540983, 0.7884322678843226], [0.19774590163934427, 0.791476407914764], [0.1987704918032787, 0.7929984779299848], [0.19979508196721313, 0.7929984779299848], [0.20081967213114754, 0.7929984779299848]], "object_id": 3, "start_time": 0, "end_time": 90}, {"path": [[0.4426229508196721, 0.2617960426179604], [0.4415983606557377, 0.2602739726027397], [0.4415983606557377, 0.258751902587519], [0.4415983606557377, 0.2572298325722983], [0.4426229508196721, 0.2557077625570776], [0.44364754098360654, 0.2541856925418569], [0.4456967213114754, 0.2526636225266362], [0.44774590163934425, 0.2511415525114155], [0.44979508196721313, 0.2511415525114155], [0.45184426229508196, 0.2511415525114155], [0.45491803278688525, 0.2511415525114155], [0.4569672131147541, 0.2511415525114155], [0.45901639344262296, 0.2526636225266362], [0.4610655737704918, 0.2541856925418569], [0.4641393442622951, 0.2572298325722983], [0.4661885245901639, 0.258751902587519], [0.4682377049180328, 0.2617960426179604], [0.4692622950819672, 0.2648401826484018], [0.4702868852459016, 0.2678843226788432], [0.4713114754098361, 0.2709284627092846], [0.4713114754098361, 0.273972602739726], [0.4713114754098361, 0.2785388127853881], [0.4713114754098361, 0.2815829528158295], [0.4713114754098361, 0.2846270928462709], [0.4713114754098361, 0.289193302891933], [0.4713114754098361, 0.2922374429223744], [0.4713114754098361, 0.2952815829528158], [0.4723360655737705, 0.2998477929984779], [0.4733606557377049, 0.3028919330289193], [0.4733606557377049, 0.3074581430745814], [0.47438524590163933, 0.3105022831050228], [0.47540983606557374, 0.3150684931506849], [0.4764344262295082, 0.3181126331811263], [0.4774590163934426, 0.3211567732115677], [0.47848360655737704, 0.3242009132420091], [0.4805327868852459, 0.3272450532724505], [0.48155737704918034, 0.3302891933028919], [0.48360655737704916, 0.3318112633181126], [0.48565573770491804, 0.3333333333333333], [0.4887295081967213, 0.334855403348554], [0.4918032786885246, 0.3363774733637747], [0.4948770491803279, 0.3363774733637747], [0.4979508196721312, 0.3363774733637747], [0.5010245901639344, 0.3363774733637747], [0.5051229508196722, 0.3363774733637747], [0.5081967213114754, 0.3363774733637747], [0.5112704918032787, 0.3363774733637747], [0.5133196721311475, 0.3363774733637747], [0.514344262295082, 0.3363774733637747], [0.5153688524590164, 0.3378995433789954], [0.5163934426229508, 0.3409436834094368], [0.5153688524590164, 0.3439878234398782], [0.514344262295082, 0.3485540334855403], [0.514344262295082, 0.350076103500761], [0.5102459016393442, 0.3561643835616438], [0.5081967213114754, 0.3622526636225266], [0.5051229508196722, 0.3668188736681887], [0.5030737704918032, 0.3713850837138508], [0.5010245901639344, 0.3744292237442922], [0.5, 0.3789954337899543], [0.4979508196721312, 0.3820395738203957], [0.4969262295081967, 0.3866057838660578], [0.4959016393442623, 0.3911719939117199], [0.4948770491803279, 0.3942161339421613], [0.4948770491803279, 0.3987823439878234], [0.4948770491803279, 0.4018264840182648], [0.4948770491803279, 0.4048706240487062], [0.4948770491803279, 0.4063926940639269], [0.4959016393442623, 0.4094368340943683], [0.4969262295081967, 0.410958904109589], [0.4989754098360656, 0.4124809741248097], [0.5, 0.4155251141552511], [0.5020491803278688, 0.4155251141552511], [0.5040983606557377, 0.4170471841704718], [0.507172131147541, 0.4185692541856925], [0.5081967213114754, 0.4200913242009132], [0.5102459016393442, 0.4231354642313546], [0.5122950819672131, 0.4246575342465753], [0.5133196721311475, 0.426179604261796], [0.5133196721311475, 0.4277016742770167], [0.5153688524590164, 0.4307458143074581], [0.5153688524590164, 0.4337899543378995], [0.5153688524590164, 0.4383561643835616], [0.5153688524590164, 0.4429223744292237], [0.5153688524590164, 0.4474885844748858], [0.5153688524590164, 0.4535768645357686], [0.514344262295082, 0.4581430745814307], [0.514344262295082, 0.4627092846270928], [0.514344262295082, 0.4687975646879756], [0.514344262295082, 0.471841704718417], [0.514344262295082, 0.4764079147640791], [0.5153688524590164, 0.4794520547945205], [0.5174180327868853, 0.4809741248097412], [0.5184426229508197, 0.4840182648401826], [0.5215163934426229, 0.4855403348554033], [0.5245901639344263, 0.487062404870624], [0.5276639344262295, 0.4885844748858447], [0.5307377049180327, 0.4885844748858447], [0.5338114754098361, 0.4901065449010654], [0.5368852459016393, 0.4916286149162861], [0.5379098360655737, 0.4946727549467275], [0.5399590163934426, 0.4961948249619482], [0.5409836065573771, 0.4977168949771689], [0.5420081967213115, 0.4992389649923896], [0.5420081967213115, 0.502283105022831], [0.5430327868852459, 0.5053272450532724], [0.5430327868852459, 0.5098934550989346], [0.5420081967213115, 0.5144596651445966], [0.5420081967213115, 0.5205479452054794], [0.5409836065573771, 0.5251141552511416], [0.5409836065573771, 0.5296803652968036], [0.5409836065573771, 0.5342465753424658], [0.5409836065573771, 0.5388127853881278], [0.5409836065573771, 0.5418569254185692], [0.5409836065573771, 0.5449010654490106], [0.5420081967213115, 0.5494672754946728], [0.5430327868852459, 0.5540334855403348], [0.5440573770491803, 0.558599695585997], [0.5450819672131147, 0.563165905631659], [0.5461065573770492, 0.5677321156773212], [0.5471311475409836, 0.5707762557077626], [0.5491803278688525, 0.5753424657534246], [0.5512295081967213, 0.578386605783866], [0.5522540983606558, 0.5799086757990868], [0.555327868852459, 0.5829528158295282], [0.5563524590163934, 0.5844748858447488], [0.5584016393442623, 0.5859969558599696], [0.5594262295081968, 0.589041095890411], [0.5604508196721312, 0.5905631659056316], [0.5614754098360656, 0.593607305936073], [0.5614754098360656, 0.5966514459665144], [0.5625, 0.5996955859969558], [0.5625, 0.604261796042618], [0.5635245901639344, 0.6073059360730594], [0.5645491803278688, 0.6118721461187214], [0.5655737704918032, 0.6149162861491628], [0.5665983606557377, 0.619482496194825], [0.5686475409836066, 0.6225266362252664], [0.569672131147541, 0.6255707762557078], [0.5706967213114754, 0.6286149162861492], [0.5706967213114754, 0.6316590563165906], [0.5717213114754098, 0.6331811263318112], [0.5717213114754098, 0.6362252663622526], [0.5717213114754098, 0.6377473363774734], [0.5727459016393442, 0.639269406392694], [0.5737704918032787, 0.6407914764079148], [0.5747950819672131, 0.6407914764079148]], "object_id": 1, "start_time": 2470, "end_time": 3702}, {"path": [[0.4989754098360656, 0.54337899543379], [0.4989754098360656, 0.5403348554033486], [0.4969262295081967, 0.5388127853881278], [0.4959016393442623, 0.5403348554033486], [0.4948770491803279, 0.5418569254185692], [0.49385245901639346, 0.54337899543379], [0.4918032786885246, 0.5464231354642314], [0.48975409836065575, 0.5509893455098934], [0.48668032786885246, 0.5570776255707762], [0.48463114754098363, 0.563165905631659], [0.48155737704918034, 0.5722983257229832], [0.47848360655737704, 0.5814307458143074], [0.4764344262295082, 0.5920852359208524], [0.47438524590163933, 0.6012176560121766], [0.4723360655737705, 0.6103500761035008], [0.4713114754098361, 0.6179604261796042], [0.4702868852459016, 0.6255707762557078], [0.4692622950819672, 0.6316590563165906], [0.4692622950819672, 0.639269406392694], [0.4692622950819672, 0.6484018264840182], [0.4702868852459016, 0.6560121765601218], [0.4713114754098361, 0.665144596651446], [0.4723360655737705, 0.6712328767123288], [0.4733606557377049, 0.6773211567732116], [0.47540983606557374, 0.6818873668188736], [0.47540983606557374, 0.6834094368340944]], "object_id": 1, "start_time": 4078,