{"scribbles": [[], [], [{"path": [[0.46311475409836067, 0.680365296803653], [0.46209016393442626, 0.680365296803653], [0.46209016393442626, 0.6818873668188736], [0.46209016393442626, 0.6834094368340944], [0.46209016393442626, 0.6864535768645358], [0.46311475409836067, 0.6879756468797564], [0.46311475409836067, 0.6910197869101978], [0.4641393442622951, 0.6925418569254186], [0.4641393442622951, 0.69558599695586], [0.4651639344262295, 0.6986301369863014], [0.4661885245901639, 0.700152207001522], [0.4661885245901639, 0.7031963470319634], [0.4672131147540984, 0.7047184170471842], [0.4682377049180328, 0.7077625570776256], [0.4682377049180328, 0.7092846270928462]], "object_id": 4, "start_time": 0, "end_time": 127}, {"path": [[0.48155737704918034, 0.6757990867579908], [0.4805327868852459, 0.6757990867579908], [0.47950819672131145, 0.6757990867579908], [0.47950819672131145, 0.6742770167427702], [0.4805327868852459, 0.6727549467275494], [0.4805327868852459, 0.6712328767123288], [0.48155737704918034, 0.669710806697108], [0.48155737704918034, 0.6681887366818874], [0.48258196721311475, 0.6666666666666666], [0.48360655737704916, 0.665144596651446], [0.48360655737704916, 0.6636225266362252], [0.48463114754098363, 0.6621004566210046], [0.48565573770491804, 0.6605783866057838], [0.48668032786885246, 0.6590563165905632], [0.48770491803278687, 0.6575342465753424], [0.4887295081967213, 0.6560121765601218], [0.4887295081967213, 0.654490106544901], [0.48975409836065575, 0.6529680365296804], [0.49077868852459017, 0.6529680365296804], [0.4918032786885246, 0.6514459665144596], [0.492827868852459, 0.649923896499239], [0.49385245901639346, 0.6484018264840182], [0.4948770491803279, 0.6484018264840182], [0.4959016393442623, 0.6468797564687976], [0.4969262295081967, 0.6468797564687976], [0.4979508196721312, 0.6453576864535768], [0.4989754098360656, 0.6453576864535768], [0.4989754098360656, 0.6438356164383562], [0.5, 0.6423135464231354], [0.5010245901639344, 0.6423135464231354], [0.5020491803278688, 0.6423135464231354], [0.5030737704918032, 0.6423135464231354], [0.5040983606557377, 0.6423135464231354], [0.5051229508196722, 0.6423135464231354], [0.507172131147541, 0.6423135464231354], [0.5081967213114754, 0.6423135464231354], [0.5092213114754098, 0.6423135464231354], [0.5102459016393442, 0.6423135464231354], [0.5112704918032787, 0.6423135464231354], [0.5122950819672131, 0.6423135464231354], [0.5133196721311475, 0.6423135464231354], [0.514344262295082, 0.6438356164383562], [0.5153688524590164, 0.6438356164383562], [0.5163934426229508, 0.6438356164383562], [0.5174180327868853, 0.6453576864535768], [0.5184426229508197, 0.6453576864535768], [0.5194672131147541, 0.6453576864535768], [0.5204918032786885, 0.6468797564687976], [0.5215163934426229, 0.6468797564687976], [0.5225409836065574, 0.6468797564687976], [0.5235655737704918, 0.6468797564687976], [0.5245901639344263, 0.6484018264840182], [0.5256147540983607, 0.6484018264840182], [0.5266393442622951, 0.6484018264840182], [0.5276639344262295, 0.6468797564687976], [0.5286885245901639, 0.6468797564687976], [0.5297131147540983, 0.6453576864535768], [0.5297131147540983, 0.6438356164383562], [0.5307377049180327, 0.6423135464231354], [0.5317622950819673, 0.6407914764079148], [0.5317622950819673, 0.639269406392694], [0.5317622950819673, 0.6377473363774734], [0.5327868852459017, 0.6362252663622526], [0.5327868852459017, 0.634703196347032], [0.5327868852459017, 0.6331811263318112], [0.5327868852459017, 0.6316590563165906], [0.5327868852459017, 0.6301369863013698], [0.5338114754098361, 0.6286149162861492], [0.5338114754098361, 0.6270928462709284], [0.5338114754098361, 0.6255707762557078], [0.5338114754098361, 0.624048706240487], [0.5338114754098361, 0.6225266362252664], [0.5338114754098361, 0.6210045662100456], [0.5338114754098361, 0.619482496194825], [0.5338114754098361, 0.6179604261796042], [0.5338114754098361, 0.6164383561643836], [0.5338114754098361, 0.6149162861491628], [0.5327868852459017, 0.6133942161339422], [0.5327868852459017, 0.6118721461187214], [0.5327868852459017, 0.6103500761035008], [0.5317622950819673, 0.60882800608828], [0.5317622950819673, 0.6057838660578386], [0.5317622950819673, 0.604261796042618], [0.5307377049180327, 0.6027397260273972], [0.5307377049180327, 0.6012176560121766], [0.5297131147540983, 0.5996955859969558], [0.5297131147540983, 0.5981735159817352], [0.5297131147540983, 0.5966514459665144], [0.5286885245901639, 0.5966514459665144], [0.5286885245901639, 0.5951293759512938], [0.5276639344262295, 0.593607305936073], [0.5276639344262295, 0.5920852359208524], [0.5276639344262295, 0.5905631659056316], [0.5266393442622951, 0.589041095890411], [0.5266393442622951, 0.5875190258751902], [0.5266393442622951, 0.5859969558599696], [0.5256147540983607, 0.5844748858447488], [0.5256147540983607, 0.5829528158295282], [0.5245901639344263, 0.5814307458143074], [0.5245901639344263, 0.578386605783866], [0.5245901639344263, 0.5768645357686454], [0.5245901639344263, 0.5753424657534246], [0.5235655737704918, 0.573820395738204], [0.5235655737704918, 0.5722983257229832], [0.5235655737704918, 0.5707762557077626], [0.5235655737704918, 0.5692541856925418], [0.5225409836065574, 0.5677321156773212], [0.5225409836065574, 0.5662100456621004], [0.5225409836065574, 0.5646879756468798], [0.5225409836065574, 0.563165905631659], [0.5225409836065574, 0.5616438356164384], [0.5225409836065574, 0.5601217656012176], [0.5225409836065574, 0.5570776255707762], [0.5225409836065574, 0.5555555555555556], [0.5225409836065574, 0.5540334855403348], [0.5225409836065574, 0.5525114155251142], [0.5225409836065574, 0.5509893455098934], [0.5225409836065574, 0.5494672754946728], [0.5225409836065574, 0.547945205479452], [0.5225409836065574, 0.5464231354642314], [0.5225409836065574, 0.5449010654490106], [0.5215163934426229, 0.5449010654490106], [0.5204918032786885, 0.5449010654490106], [0.5194672131147541, 0.5449010654490106], [0.5184426229508197, 0.5449010654490106], [0.5174180327868853, 0.5449010654490106], [0.5163934426229508, 0.54337899543379], [0.5153688524590164, 0.54337899543379], [0.514344262295082, 0.5418569254185692], [0.5133196721311475, 0.5418569254185692], [0.5122950819672131, 0.5403348554033486], [0.5112704918032787, 0.5403348554033486], [0.5102459016393442, 0.5388127853881278], [0.5092213114754098, 0.5388127853881278], [0.5092213114754098, 0.5372907153729072], [0.5081967213114754, 0.5357686453576864], [0.507172131147541, 0.5342465753424658], [0.5061475409836066, 0.532724505327245], [0.5051229508196722, 0.5312024353120244], [0.5040983606557377, 0.5312024353120244], [0.5040983606557377, 0.5296803652968036], [0.5030737704918032, 0.528158295281583], [0.5020491803278688, 0.528158295281583], [0.5010245901639344, 0.5266362252663622], [0.5010245901639344, 0.5251141552511416], [0.5, 0.5251141552511416], [0.4989754098360656, 0.5235920852359208], [0.4989754098360656, 0.5220700152207002], [0.4979508196721312, 0.5205479452054794], [0.4969262295081967, 0.5205479452054794], [0.4959016393442623, 0.5190258751902588], [0.4959016393442623, 0.517503805175038], [0.4948770491803279, 0.517503805175038], [0.49385245901639346, 0.5159817351598174], [0.492827868852459, 0.5159817351598174], [0.4918032786885246, 0.5159817351598174], [0.49077868852459017, 0.5144596651445966], [0.48975409836065575, 0.512937595129376], [0.4887295081967213, 0.5114155251141552], [0.4887295081967213, 0.5098934550989346], [0.48770491803278687, 0.5083713850837138], [0.48668032786885246, 0.5068493150684932], [0.48565573770491804, 0.5053272450532724], [0.48565573770491804, 0.5038051750380518], [0.48463114754098363, 0.502283105022831], [0.48360655737704916, 0.502283105022831], [0.48258196721311475, 0.5007610350076104], [0.48258196721311475, 0.4992389649923896], [0.48155737704918034, 0.4992389649923896]], "object_id": 3, "start_time": 3511,