{"scribbles": [[], [{"path": [[0.44979508196721313, 0.6666666666666666], [0.44979508196721313, 0.665144596651446], [0.4487704918032787, 0.665144596651446], [0.44979508196721313, 0.6636225266362252], [0.45081967213114754, 0.6636225266362252], [0.45184426229508196, 0.6636225266362252], [0.45286885245901637, 0.6666666666666666], [0.45286885245901637, 0.6681887366818874], [0.45286885245901637, 0.669710806697108], [0.45286885245901637, 0.6727549467275494], [0.45286885245901637, 0.6773211567732116], [0.45389344262295084, 0.6773211567732116], [0.45491803278688525, 0.680365296803653], [0.45594262295081966, 0.6818873668188736], [0.45799180327868855, 0.6834094368340944], [0.45901639344262296, 0.684931506849315], [0.4600409836065574, 0.684931506849315], [0.4600409836065574, 0.6864535768645358], [0.4610655737704918, 0.6879756468797564], [0.4610655737704918, 0.6910197869101978], [0.4610655737704918, 0.6925418569254186], [0.4610655737704918, 0.6940639269406392], [0.46209016393442626, 0.69558599695586], [0.46209016393442626, 0.6971080669710806], [0.4651639344262295, 0.6971080669710806], [0.4672131147540984, 0.6971080669710806], [0.4692622950819672, 0.6986301369863014], [0.4702868852459016, 0.700152207001522]], "object_id": 4, "start_time": 0, "end_time": 295}, {"path": [[0.4959016393442623, 0.5038051750380518], [0.4948770491803279, 0.5038051750380518], [0.4959016393442623, 0.5038051750380518], [0.4969262295081967, 0.5038051750380518], [0.4969262295081967, 0.5053272450532724], [0.4969262295081967, 0.5068493150684932], [0.4979508196721312, 0.5068493150684932], [0.4989754098360656, 0.5083713850837138], [0.4989754098360656, 0.5098934550989346], [0.5, 0.5098934550989346], [0.5, 0.5114155251141552], [0.5, 0.512937595129376], [0.5010245901639344, 0.512937595129376], [0.5010245901639344, 0.5144596651445966], [0.5020491803278688, 0.5144596651445966], [0.5030737704918032, 0.5159817351598174], [0.5030737704918032, 0.517503805175038], [0.5040983606557377, 0.517503805175038], [0.5051229508196722, 0.5190258751902588], [0.5051229508196722, 0.5205479452054794], [0.5061475409836066, 0.5205479452054794], [0.507172131147541, 0.5205479452054794], [0.5081967213114754, 0.5220700152207002], [0.5081967213114754, 0.5235920852359208], [0.5092213114754098, 0.5235920852359208], [0.5102459016393442, 0.5235920852359208], [0.5102459016393442, 0.5251141552511416], [0.5122950819672131, 0.5251141552511416], [0.5133196721311475, 0.5251141552511416], [0.514344262295082, 0.5266362252663622], [0.5153688524590164, 0.528158295281583], [0.5153688524590164, 0.5296803652968036], [0.5163934426229508, 0.5312024353120244], [0.5163934426229508, 0.532724505327245], [0.5174180327868853, 0.5342465753424658], [0.5184426229508197, 0.5357686453576864], [0.5184426229508197, 0.5372907153729072], [0.5194672131147541, 0.5388127853881278], [0.5204918032786885, 0.5388127853881278], [0.5215163934426229, 0.5403348554033486], [0.5225409836065574, 0.5403348554033486], [0.5235655737704918, 0.5418569254185692], [0.5245901639344263, 0.5418569254185692], [0.5256147540983607, 0.54337899543379], [0.5266393442622951, 0.54337899543379], [0.5266393442622951, 0.5449010654490106], [0.5266393442622951, 0.5464231354642314], [0.5266393442622951, 0.547945205479452], [0.5266393442622951, 0.5494672754946728], [0.5266393442622951, 0.5509893455098934], [0.5266393442622951, 0.5540334855403348], [0.5266393442622951, 0.5555555555555556], [0.5266393442622951, 0.5570776255707762], [0.5266393442622951, 0.558599695585997], [0.5266393442622951, 0.5616438356164384], [0.5266393442622951, 0.5646879756468798], [0.5266393442622951, 0.5677321156773212], [0.5266393442622951, 0.5692541856925418], [0.5266393442622951, 0.5722983257229832], [0.5276639344262295, 0.573820395738204], [0.5276639344262295, 0.5768645357686454], [0.5276639344262295, 0.578386605783866], [0.5286885245901639, 0.5814307458143074], [0.5286885245901639, 0.5829528158295282], [0.5286885245901639, 0.5859969558599696], [0.5286885245901639, 0.589041095890411], [0.5286885245901639, 0.5905631659056316], [0.5286885245901639, 0.593607305936073], [0.5297131147540983, 0.5951293759512938], [0.5307377049180327, 0.5966514459665144], [0.5317622950819673, 0.5981735159817352], [0.5327868852459017, 0.5981735159817352], [0.5338114754098361, 0.5996955859969558], [0.5348360655737705, 0.5996955859969558], [0.5358606557377049, 0.6012176560121766], [0.5358606557377049, 0.6027397260273972], [0.5368852459016393, 0.6027397260273972], [0.5368852459016393, 0.604261796042618], [0.5368852459016393, 0.6057838660578386], [0.5368852459016393, 0.6073059360730594], [0.5368852459016393, 0.60882800608828], [0.5368852459016393, 0.6118721461187214], [0.5368852459016393, 0.6133942161339422], [0.5368852459016393, 0.6149162861491628], [0.5358606557377049, 0.6179604261796042], [0.5358606557377049, 0.619482496194825], [0.5348360655737705, 0.6225266362252664], [0.5348360655737705, 0.624048706240487], [0.5338114754098361, 0.6270928462709284], [0.5327868852459017, 0.6286149162861492], [0.5327868852459017, 0.6316590563165906], [0.5317622950819673, 0.6331811263318112], [0.5317622950819673, 0.634703196347032], [0.5307377049180327, 0.6362252663622526], [0.5297131147540983, 0.639269406392694], [0.5286885245901639, 0.6407914764079148], [0.5276639344262295, 0.6423135464231354], [0.5266393442622951, 0.6423135464231354], [0.5256147540983607, 0.6453576864535768], [0.5245901639344263, 0.6453576864535768], [0.5235655737704918, 0.6453576864535768], [0.5225409836065574, 0.6453576864535768], [0.5215163934426229, 0.6453576864535768], [0.5204918032786885, 0.6453576864535768], [0.5204918032786885, 0.6438356164383562], [0.5194672131147541, 0.6438356164383562], [0.5184426229508197, 0.6423135464231354], [0.5174180327868853, 0.6407914764079148], [0.5174180327868853, 0.639269406392694], [0.5163934426229508, 0.6377473363774734], [0.5153688524590164, 0.6362252663622526], [0.514344262295082, 0.634703196347032], [0.514344262295082, 0.6331811263318112], [0.5133196721311475, 0.6316590563165906], [0.5122950819672131, 0.6301369863013698], [0.5112704918032787, 0.6286149162861492], [0.5102459016393442, 0.6270928462709284], [0.5092213114754098, 0.6255707762557078], [0.5081967213114754, 0.624048706240487], [0.5061475409836066, 0.624048706240487], [0.5051229508196722, 0.624048706240487], [0.5040983606557377, 0.624048706240487], [0.5030737704918032, 0.624048706240487], [0.5020491803278688, 0.6255707762557078], [0.5010245901639344, 0.6286149162861492], [0.5, 0.6301369863013698], [0.4989754098360656, 0.6316590563165906], [0.4979508196721312, 0.634703196347032], [0.4959016393442623, 0.6362252663622526], [0.4959016393442623, 0.6377473363774734], [0.49385245901639346, 0.6407914764079148], [0.49385245901639346, 0.6423135464231354], [0.492827868852459, 0.6453576864535768], [0.49077868852459017, 0.6484018264840182]], "object_id": 3, "start_time": 3804, "end_time": 5204}, {"path": [[0.7971311475409836, 0.4703196347031963], [0.7971311475409836, 0.4687975646879756], [0.7971311475409836, 0.4672754946727549], [0.798155737704918, 0.4672754946727549], [0.7991803278688525, 0.4687975646879756], [0.8002049180327869, 0.4687975646879756], [0.8012295081967213, 0.4687975646879756], [0.8032786885245902, 0.4687975646879756], [0.8043032786885246, 0.4672754946727549], [0.8084016393442623, 0.4657534246575342], [0.8104508196721312, 0.4642313546423135], [0.8135245901639344, 0.4627092846270928], [0.8155737704918032, 0.4611872146118721], [0.8165983606557377, 0.4611872146118721], [0.8176229508196722, 0.4611872146118721], [0.8186475409836066, 0.4611872146118721], [0.819672131147541, 0.4611872146118721]], "object_id": 6, "start_time": 10554,