{"scribbles": [[], [], [{"path": [[0.45081967213114754, 0.4353120243531202], [0.44979508196721313, 0.4353120243531202], [0.4487704918032787, 0.4353120243531202], [0.4487704918032787, 0.4368340943683409], [0.44774590163934425, 0.4368340943683409], [0.44774590163934425, 0.4383561643835616], [0.44774590163934425, 0.4398782343987823], [0.44672131147540983, 0.441400304414003], [0.44672131147540983, 0.4429223744292237], [0.44672131147540983, 0.4444444444444444], [0.44672131147540983, 0.4459665144596651], [0.44672131147540983, 0.4490106544901065], [0.44774590163934425, 0.4505327245053272], [0.44774590163934425, 0.4520547945205479], [0.44979508196721313, 0.4520547945205479], [0.45081967213114754, 0.4520547945205479], [0.45286885245901637, 0.4505327245053272], [0.45389344262295084, 0.4505327245053272], [0.45491803278688525, 0.4490106544901065], [0.4569672131147541, 0.4474885844748858], [0.45901639344262296, 0.4444444444444444], [0.4600409836065574, 0.4444444444444444], [0.46209016393442626, 0.4429223744292237], [0.46311475409836067, 0.4429223744292237], [0.4641393442622951, 0.4429223744292237], [0.4651639344262295, 0.4444444444444444], [0.4661885245901639, 0.4459665144596651], [0.4661885245901639, 0.4474885844748858], [0.4661885245901639, 0.4490106544901065], [0.4661885245901639, 0.4520547945205479], [0.4672131147540984, 0.4535768645357686], [0.4672131147540984, 0.45662100456621], [0.4672131147540984, 0.4581430745814307], [0.4682377049180328, 0.4611872146118721], [0.4682377049180328, 0.4627092846270928], [0.4682377049180328, 0.4642313546423135], [0.4682377049180328, 0.4657534246575342], [0.4682377049180328, 0.4672754946727549], [0.4692622950819672, 0.4687975646879756], [0.4692622950819672, 0.4703196347031963], [0.4692622950819672, 0.471841704718417], [0.4692622950819672, 0.4733637747336377], [0.4692622950819672, 0.4748858447488584], [0.4682377049180328, 0.4764079147640791], [0.4682377049180328, 0.4779299847792998], [0.4682377049180328, 0.4809741248097412], [0.4682377049180328, 0.4824961948249619], [0.4682377049180328, 0.4840182648401826], [0.4692622950819672, 0.4840182648401826]], "object_id": 1, "start_time": 0, "end_time": 504}, {"path": [[0.4405737704918033, 0.5220700152207002], [0.4405737704918033, 0.5205479452054794], [0.4395491803278688, 0.5205479452054794], [0.4405737704918033, 0.5205479452054794], [0.4405737704918033, 0.5220700152207002], [0.4415983606557377, 0.5235920852359208], [0.4426229508196721, 0.5235920852359208], [0.4426229508196721, 0.5251141552511416], [0.44364754098360654, 0.5251141552511416], [0.444672131147541, 0.5251141552511416], [0.4456967213114754, 0.5251141552511416], [0.44672131147540983, 0.5251141552511416], [0.44774590163934425, 0.5251141552511416], [0.4487704918032787, 0.5251141552511416], [0.44979508196721313, 0.5251141552511416], [0.45184426229508196, 0.5235920852359208], [0.45389344262295084, 0.5235920852359208], [0.45491803278688525, 0.5235920852359208], [0.45594262295081966, 0.5220700152207002], [0.4569672131147541, 0.5220700152207002], [0.45799180327868855, 0.5220700152207002], [0.45901639344262296, 0.5220700152207002], [0.4610655737704918, 0.5205479452054794], [0.46209016393442626, 0.5205479452054794], [0.4641393442622951, 0.5205479452054794], [0.4651639344262295, 0.5205479452054794], [0.4661885245901639, 0.5190258751902588], [0.4672131147540984, 0.5190258751902588], [0.4682377049180328, 0.5190258751902588]], "object_id": 2, "start_time": 4182, "end_time": 4538}, {"path": [[0.48463114754098363, 0.5068493150684932], [0.48565573770491804, 0.5068493150684932], [0.48668032786885246, 0.5053272450532724], [0.48770491803278687, 0.5053272450532724], [0.4887295081967213, 0.5053272450532724], [0.4887295081967213, 0.5068493150684932], [0.48975409836065575, 0.5068493150684932], [0.49077868852459017, 0.5068493150684932], [0.4918032786885246, 0.5068493150684932], [0.492827868852459, 0.5083713850837138], [0.49385245901639346, 0.5083713850837138], [0.4948770491803279, 0.5098934550989346], [0.4959016393442623, 0.5098934550989346], [0.4979508196721312, 0.5114155251141552], [0.4979508196721312, 0.512937595129376], [0.4989754098360656, 0.512937595129376], [0.5, 0.5144596651445966], [0.5010245901639344, 0.5159817351598174], [0.5010245901639344, 0.517503805175038], [0.5020491803278688, 0.517503805175038], [0.5020491803278688, 0.5190258751902588], [0.5030737704918032, 0.5205479452054794], [0.5040983606557377, 0.5220700152207002], [0.5051229508196722, 0.5235920852359208], [0.5051229508196722, 0.5251141552511416], [0.5061475409836066, 0.5266362252663622], [0.507172131147541, 0.528158295281583], [0.507172131147541, 0.5296803652968036], [0.5081967213114754, 0.5312024353120244], [0.5092213114754098, 0.532724505327245], [0.5102459016393442, 0.5342465753424658], [0.5102459016393442, 0.5357686453576864], [0.5112704918032787, 0.5388127853881278], [0.5112704918032787, 0.5403348554033486], [0.5122950819672131, 0.5418569254185692], [0.5122950819672131, 0.54337899543379], [0.5122950819672131, 0.5449010654490106], [0.5133196721311475, 0.5449010654490106], [0.514344262295082, 0.5449010654490106], [0.5153688524590164, 0.5449010654490106], [0.5163934426229508, 0.5449010654490106], [0.5174180327868853, 0.5464231354642314], [0.5184426229508197, 0.5464231354642314], [0.5194672131147541, 0.5449010654490106], [0.5204918032786885, 0.5449010654490106], [0.5215163934426229, 0.54337899543379], [0.5225409836065574, 0.5418569254185692], [0.5225409836065574, 0.5403348554033486], [0.5235655737704918, 0.5403348554033486], [0.5245901639344263, 0.5388127853881278], [0.5245901639344263, 0.5372907153729072], [0.5256147540983607, 0.5357686453576864], [0.5266393442622951, 0.5357686453576864], [0.5266393442622951, 0.5372907153729072], [0.5266393442622951, 0.5388127853881278], [0.5266393442622951, 0.5403348554033486], [0.5266393442622951, 0.5418569254185692], [0.5256147540983607, 0.5449010654490106], [0.5256147540983607, 0.547945205479452], [0.5245901639344263, 0.5494672754946728], [0.5235655737704918, 0.5525114155251142], [0.5235655737704918, 0.5540334855403348], [0.5225409836065574, 0.5570776255707762], [0.5225409836065574, 0.5601217656012176], [0.5215163934426229, 0.563165905631659], [0.5215163934426229, 0.5662100456621004], [0.5215163934426229, 0.5677321156773212], [0.5215163934426229, 0.5707762557077626], [0.5215163934426229, 0.5722983257229832], [0.5225409836065574, 0.5753424657534246], [0.5235655737704918, 0.5768645357686454], [0.5245901639344263, 0.578386605783866], [0.5266393442622951, 0.578386605783866], [0.5276639344262295, 0.5799086757990868], [0.5286885245901639, 0.5814307458143074], [0.5297131147540983, 0.5829528158295282], [0.5297131147540983, 0.5844748858447488], [0.5297131147540983, 0.5859969558599696], [0.5307377049180327, 0.5875190258751902], [0.5307377049180327, 0.5920852359208524], [0.5317622950819673, 0.5966514459665144], [0.5317622950819673, 0.5981735159817352], [0.5317622950819673, 0.6012176560121766], [0.5327868852459017, 0.604261796042618], [0.5327868852459017, 0.6057838660578386], [0.5327868852459017, 0.6073059360730594], [0.5327868852459017, 0.60882800608828], [0.5327868852459017, 0.6103500761035008], [0.5338114754098361, 0.6133942161339422], [0.5338114754098361, 0.6149162861491628], [0.5327868852459017, 0.6164383561643836], [0.5327868852459017, 0.619482496194825], [0.5317622950819673, 0.6210045662100456], [0.5317622950819673, 0.6225266362252664], [0.5307377049180327, 0.6255707762557078], [0.5297131147540983, 0.6270928462709284], [0.5297131147540983, 0.6301369863013698], [0.5286885245901639, 0.6316590563165906], [0.5286885245901639, 0.634703196347032], [0.5276639344262295, 0.6362252663622526], [0.5276639344262295, 0.6377473363774734], [0.5266393442622951, 0.6377473363774734], [0.5266393442622951, 0.639269406392694], [0.5256147540983607, 0.6407914764079148], [0.5245901639344263, 0.6407914764079148], [0.5235655737704918, 0.6407914764079148], [0.5225409836065574, 0.6407914764079148], [0.5204918032786885, 0.6407914764079148], [0.5184426229508197, 