{"scribbles": [[], [], [], [], [], [], [], [], [], [], [], [], [], [], [], [], [], [], [], [], [], [], [], [], [], [], [], [{"path": [[0.36577868852459017, 0.1765601217656012], [0.36475409836065575, 0.1750380517503805], [0.3637295081967213, 0.1735159817351598], [0.36270491803278687, 0.1735159817351598], [0.36270491803278687, 0.1765601217656012], [0.36270491803278687, 0.1780821917808219], [0.36168032786885246, 0.1841704718417047], [0.35963114754098363, 0.1887366818873668], [0.35860655737704916, 0.1948249619482496], [0.35655737704918034, 0.2024353120243531], [0.3555327868852459, 0.2085235920852359], [0.35450819672131145, 0.2161339421613394], [0.35348360655737704, 0.2222222222222222], [0.3524590163934426, 0.2298325722983257], [0.3514344262295082, 0.2359208523592085], [0.35040983606557374, 0.243531202435312], [0.34938524590163933, 0.2511415525114155], [0.3483606557377049, 0.2572298325722983], [0.3483606557377049, 0.2633181126331811], [0.3473360655737705, 0.2678843226788432], [0.3473360655737705, 0.273972602739726], [0.3483606557377049, 0.2770167427701674], [0.3483606557377049, 0.2815829528158295], [0.35040983606557374, 0.2831050228310502], [0.3524590163934426, 0.2846270928462709], [0.35450819672131145, 0.2861491628614916], [0.35655737704918034, 0.2861491628614916], [0.35963114754098363, 0.2861491628614916], [0.36270491803278687, 0.2861491628614916], [0.36577868852459017, 0.2861491628614916], [0.36885245901639346, 0.2846270928462709], [0.3698770491803279, 0.2846270928462709], [0.3719262295081967, 0.2846270928462709], [0.3729508196721312, 0.2861491628614916], [0.3729508196721312, 0.2876712328767123], [0.3719262295081967, 0.289193302891933], [0.3709016393442623, 0.2937595129375951], [0.3698770491803279, 0.2968036529680365], [0.367827868852459, 0.3028919330289193], [0.36577868852459017, 0.3089802130898021], [0.3637295081967213, 0.3150684931506849], [0.36168032786885246, 0.3211567732115677], [0.35963114754098363, 0.3287671232876712], [0.35860655737704916, 0.3363774733637747], [0.35655737704918034, 0.3455098934550989], [0.3555327868852459, 0.3546423135464231], [0.35450819672131145, 0.3622526636225266], [0.35348360655737704, 0.3713850837138508], [0.35348360655737704, 0.380517503805175], [0.35450819672131145, 0.3881278538812785], [0.35758196721311475, 0.3972602739726027], [0.35963114754098363, 0.4063926940639269], [0.36168032786885246, 0.4170471841704718], [0.36475409836065575, 0.426179604261796], [0.3668032786885246, 0.4368340943683409]], "object_id": 1, "start_time": 0, "end_time": 476}, {"path": [[0.5040983606557377, 0.4063926940639269], [0.5020491803278688, 0.4048706240487062], [0.4969262295081967, 0.4033485540334855], [0.4959016393442623, 0.4033485540334855], [0.492827868852459, 0.4033485540334855], [0.48975409836065575, 0.4033485540334855], [0.48668032786885246, 0.4033485540334855], [0.48463114754098363, 0.4033485540334855], [0.48258196721311475, 0.4048706240487062], [0.4805327868852459, 0.4048706240487062], [0.47950819672131145, 0.4048706240487062], [0.4774590163934426, 0.4048706240487062], [0.47540983606557374, 0.4063926940639269], [0.47438524590163933, 0.4094368340943683], [0.4713114754098361, 0.4140030441400304], [0.4702868852459016, 0.4185692541856925], [0.4682377049180328, 0.4246575342465753], [0.4651639344262295, 0.4322678843226788], [0.4641393442622951, 0.4383561643835616], [0.46209016393442626, 0.4459665144596651], [0.4610655737704918, 0.4520547945205479], [0.4610655737704918, 0.4581430745814307], [0.46209016393442626, 0.4627092846270928], [0.4641393442622951, 0.4672754946727549], [0.4641393442622951, 0.4687975646879756], [0.4682377049180328, 0.4733637747336377], [0.4702868852459016, 0.4748858447488584], [0.4733606557377049, 0.4748858447488584], [0.4764344262295082, 0.4764079147640791], [0.4805327868852459, 0.4764079147640791], [0.48463114754098363, 0.4748858447488584], [0.48770491803278687, 0.4748858447488584], [0.49077868852459017, 0.4733637747336377], [0.492827868852459, 0.4733637747336377], [0.4969262295081967, 0.4733637747336377], [0.4989754098360656, 0.4733637747336377], [0.5, 0.4733637747336377], [0.5010245901639344, 0.4748858447488584], [0.5020491803278688, 0.4764079147640791], [0.5020491803278688, 0.4779299847792998], [0.5020491803278688, 0.4824961948249619], [0.5010245901639344, 0.4855403348554033], [0.5, 0.4885844748858447], [0.4969262295081967, 0.4961948249619482], [0.4948770491803279, 0.502283105022831], [0.4918032786885246, 0.5098934550989346], [0.4887295081967213, 0.5144596651445966], [0.48668032786885246, 0.5205479452054794], [0.48463114754098363, 0.5266362252663622], [0.48360655737704916, 0.532724505327245], [0.48258196721311475, 0.5357686453576864], [0.48155737704918034, 0.5403348554033486], [0.48155737704918034, 0.5418569254185692], [0.48360655737704916, 0.54337899543379], [0.48463114754098363, 0.5449010654490106], [0.48668032786885246, 0.5449010654490106], [0.48975409836065575, 0.5464231354642314], [0.4918032786885246, 0.5464231354642314], [0.4948770491803279, 0.547945205479452], [0.4979508196721312, 0.547945205479452], [0.5, 0.547945205479452], [0.5020491803278688, 0.547945205479452], [0.5040983606557377, 0.5494672754946728], [0.5061475409836066, 0.5494672754946728], [0.507172131147541, 0.5494672754946728], [0.5081967213114754, 0.5494672754946728], [0.5092213114754098, 0.5494672754946728], [0.5092213114754098, 0.5509893455098934], [0.5092213114754098, 0.5525114155251142], [0.507172131147541, 0.5540334855403348], [0.5040983606557377, 0.5570776255707762], [0.5, 0.5616438356164384], [0.4959016393442623, 0.5677321156773212], [0.4918032786885246, 0.573820395738204], [0.48770491803278687, 0.5799086757990868], [0.48360655737704916, 0.5859969558599696], [0.47950819672131145, 0.593607305936073], [0.4764344262295082, 0.5996955859969558], [0.4733606557377049, 0.6073059360730594], [0.4713114754098361, 0.6149162861491628], [0.4682377049180328, 0.6255707762557078], [0.4661885245901639, 0.634703196347032], [0.46209016393442626, 0.6453576864535768], [0.45901639344262296, 0.6560121765601218], [0.45594262295081966, 0.6666666666666666], [0.45184426229508196, 0.6757990867579908], [0.44979508196721313, 0.6834094368340944], [0.44774590163934425, 0.6864535768645358], [0.44774590163934425, 0.6894977168949772], [0.4487704918032787, 0.6894977168949772], [0.45081967213114754, 0.6879756468797564]], "object_id": 2, "start_time": 2505, "end_time": 3249}, {"path": [[0.5061475409836066, 0.5981735159817352], [0.5051229508196722, 0.593607305936073], [0.5020491803278688, 0.5875190258751902], [0.5010245901639344, 0.5859969558599696], [0.5020491803278688, 0.5905631659056316], [0.5040983606557377, 0.5981735159817352], [0.507172131147541, 0.6073059360730594], [0.5102459016393442, 0.6179604261796042], [0.5133196721311475, 0.6286149162861492], [0.5153688524590164, 0.6407914764079148], [0.5184426229508197, 0.649923896499239], [0.5194672131147541, 0.654490106544901], [0.5215163934426229, 0.6621004566210046]], "object_id": 2, "start_time": 3648, "end_time": 3750}, {"path": [[0.4661885245901639, 0.6377473363774734], [0.4610655737704918, 0.6377473363774734], [0.4569672131147541, 0.6362252663622526], [0.45901639344262296, 0.6362252663622526], [0.4641393442622951, 0.6377473363774734], [0.4733606557377049, 0.6377473363774734], [0.48565573770491804, 0.6362252663622526], [0.5, 0.634703196347032], [0.5133196721311475, 0.634703196347032]], "object_id": 2, "start_time": 4651, "end_time": 4711}], [], [], [], [], [], [], [], [], [], [], [], [], [], [], [], [], [], [], [], [], [], [], [], [], [], [], [], [], [], [], [], [], [], [], [], [], [], [], [], [], [], [], [], [], [], [], [], [], [], [], [], [], [], [], [], [], [], [], [], [], [], [], []], "sequence": "stroller"}