{"scribbles": [[], [], [], [], [], [], [], [], [], [], [], [], [], [], [{"path": [[0.48463114754098363, 0.6788432267884322], [0.48360655737704916, 0.6742770167427702], [0.47950819672131145, 0.665144596651446], [0.4764344262295082, 0.665144596651446], [0.4733606557377049, 0.665144596651446], [0.4702868852459016, 0.6666666666666666], [0.4661885245901639, 0.669710806697108], [0.46209016393442626, 0.6773211567732116], [0.45799180327868855, 0.6864535768645358], [0.45389344262295084, 0.6986301369863014], [0.44979508196721313, 0.710806697108067], [0.44672131147540983, 0.7245053272450532], [0.44364754098360654, 0.7382039573820396], [0.4426229508196721, 0.7488584474885844], [0.4426229508196721, 0.7579908675799086], [0.4456967213114754, 0.7656012176560122], [0.44979508196721313, 0.7686453576864536], [0.45594262295081966, 0.7701674277016742], [0.46209016393442626, 0.7671232876712328], [0.4713114754098361, 0.76103500761035], [0.47950819672131145, 0.7534246575342466], [0.48668032786885246, 0.7442922374429224], [0.492827868852459, 0.7351598173515982], [0.4959016393442623, 0.726027397260274], [0.4979508196721312, 0.7168949771689498], [0.4979508196721312, 0.7092846270928462], [0.4959016393442623, 0.7047184170471842], [0.4948770491803279, 0.700152207001522], [0.49385245901639346, 0.6986301369863014]], "object_id": 1, "start_time": 0, "end_time": 228}], [], [], [], [], [], [], [], [], [], [], [], [], [], [], [], [], [], [], [], [], [], [], [], [], [], [], [], [], [], [], [], [], []], "sequence": "soccerball"}