{"scribbles": [[], [], [], [], [], [], [], [], [], [], [], [], [], [], [], [], [], [], [], [], [], [], [], [{"path": [[0.3084016393442623, 0.4855403348554033], [0.3073770491803279, 0.4840182648401826], [0.3094262295081967, 0.4840182648401826], [0.3125, 0.4855403348554033], [0.3165983606557377, 0.4855403348554033], [0.32172131147540983, 0.4855403348554033], [0.32684426229508196, 0.487062404870624], [0.3319672131147541, 0.4885844748858447], [0.3360655737704918, 0.4901065449010654], [0.33811475409836067, 0.4931506849315068], [0.3401639344262295, 0.502283105022831], [0.3401639344262295, 0.5068493150684932], [0.3360655737704918, 0.5235920852359208], [0.33094262295081966, 0.5357686453576864], [0.32581967213114754, 0.5509893455098934], [0.319672131147541, 0.5662100456621004], [0.3145491803278688, 0.5799086757990868], [0.3114754098360656, 0.5920852359208524], [0.3104508196721312, 0.5981735159817352], [0.3094262295081967, 0.6149162861491628], [0.3104508196721312, 0.6225266362252664], [0.3145491803278688, 0.6301369863013698], [0.319672131147541, 0.6362252663622526], [0.3237704918032787, 0.6423135464231354], [0.32889344262295084, 0.649923896499239], [0.3319672131147541, 0.6560121765601218], [0.33401639344262296, 0.6636225266362252], [0.33401639344262296, 0.6727549467275494], [0.33094262295081966, 0.6834094368340944], [0.32581967213114754, 0.69558599695586], [0.31864754098360654, 0.7077625570776256], [0.3125, 0.7199391171993912], [0.30635245901639346, 0.7321156773211568], [0.30225409836065575, 0.7427701674277016], [0.29918032786885246, 0.7503805175038052], [0.29815573770491804, 0.7579908675799086], [0.29918032786885246, 0.7640791476407914], [0.30225409836065575, 0.7701674277016742], [0.305327868852459, 0.776255707762557], [0.3084016393442623, 0.7838660578386606], [0.3104508196721312, 0.7945205479452054], [0.3104508196721312, 0.8051750380517504], [0.3084016393442623, 0.8188736681887366], [0.305327868852459, 0.832572298325723], [0.30020491803278687, 0.84779299847793], [0.29713114754098363, 0.863013698630137], [0.29610655737704916, 0.8736681887366818], [0.29508196721311475, 0.8812785388127854], [0.29815573770491804, 0.8873668188736682], [0.3043032786885246, 0.8919330289193302]], "object_id": 2, "start_time": 0, "end_time": 413}, {"path": [[0.6024590163934426, 0.1171993911719939], [0.5973360655737705, 0.1156773211567732], [0.5911885245901639, 0.1156773211567732], [0.5850409836065574, 0.1171993911719939], [0.5819672131147541, 0.1171993911719939], [0.576844262295082, 0.121765601217656], [0.5737704918032787, 0.1248097412480974], [0.5727459016393442, 0.1278538812785388], [0.5727459016393442, 0.1308980213089802], [0.5758196721311475, 0.1354642313546423], [0.5799180327868853, 0.1415525114155251], [0.5860655737704918, 0.1476407914764079], [0.5942622950819673, 0.1552511415525114], [0.6024590163934426, 0.1628614916286149], [0.610655737704918, 0.1704718417047184], [0.6168032786885246, 0.1811263318112633], [0.6219262295081968, 0.1933028919330289], [0.625, 0.2070015220700152], [0.6260245901639344, 0.2222222222222222], [0.6229508196721312, 0.2404870624048706], [0.6168032786885246, 0.2617960426179604], [0.6086065573770492, 0.2831050228310502], [0.5993852459016393, 0.3059360730593607], [0.5891393442622951, 0.3287671232876712], [0.5809426229508197, 0.3515981735159817], [0.5737704918032787, 0.3729071537290715], [0.5686475409836066, 0.3926940639269406], [0.5676229508196722, 0.4094368340943683], [0.5676229508196722, 0.426179604261796], [0.5717213114754098, 0.441400304414003], [0.576844262295082, 0.4535768645357686], [0.5840163934426229, 0.4657534246575342], [0.5911885245901639, 0.4764079147640791], [0.5963114754098361, 0.4885844748858447], [0.6004098360655737, 0.5038051750380518], [0.6004098360655737, 0.5190258751902588], [0.5952868852459017, 0.5357686453576864], [0.5840163934426229, 0.558599695585997], [0.569672131147541, 0.5814307458143074], [0.5543032786885246, 0.6027397260273972], [0.5389344262295082, 0.624048706240487], [0.5297131147540983, 0.6407914764079148], [0.5256147540983607, 0.6529680365296804], [0.5276639344262295, 0.6621004566210046], [0.5307377049180327, 0.665144596651446], [0.5522540983606558, 0.6727549467275494], [0.5717213114754098, 0.6773211567732116], [0.5901639344262295, 0.6834094368340944], [0.6055327868852459, 0.6910197869101978], [0.6168032786885246, 0.7016742770167428], [0.6239754098360656, 0.7123287671232876], [0.6270491803278688, 0.726027397260274], [0.625, 0.7442922374429224], [0.6229508196721312, 0.7534246575342466], [0.6127049180327869, 0.7792998477929984], [0.6075819672131147, 0.7975646879756468], [0.6055327868852459, 0.8112633181126332], [0.6075819672131147, 0.821917808219178], [0.6147540983606558, 0.832572298325723], [0.6280737704918032, 0.8401826484018264], [0.6424180327868853, 0.8462709284627092], [0.6506147540983607, 0.8493150684931506]], "object_id": 1, "start_time": 1519, "end_time": 2019}], [], [], [], [], [], [], [], [], [], [], [], [], [], [], [], [], [], [], [], [], [], [], [], [], [], [], [], [], [], [], [], [], [], [], [], [], [], [], [], [], [], [], [], [], [], [], [], []], "sequence": "walking"}