{"scribbles": [[], [], [], [], [], [], [], [], [], [], [], [], [], [], [], [], [], [], [], [], [], [], [], [], [], [], [], [], [{"path": [[0.35963114754098363, 0.6027397260273972], [0.35963114754098363, 0.6012176560121766], [0.35860655737704916, 0.6012176560121766], [0.35860655737704916, 0.5996955859969558], [0.35860655737704916, 0.5981735159817352], [0.35963114754098363, 0.5966514459665144], [0.36065573770491804, 0.5966514459665144], [0.36270491803278687, 0.5966514459665144], [0.36475409836065575, 0.5981735159817352], [0.3668032786885246, 0.5996955859969558], [0.3698770491803279, 0.604261796042618], [0.3719262295081967, 0.6057838660578386]], "object_id": 1, "start_time": 0, "end_time": 117}, {"path": [[0.4385245901639344, 0.6210045662100456], [0.4395491803278688, 0.6210045662100456], [0.4405737704918033, 0.619482496194825], [0.4415983606557377, 0.6179604261796042], [0.4426229508196721, 0.6164383561643836], [0.4426229508196721, 0.6149162861491628], [0.44364754098360654, 0.6149162861491628], [0.444672131147541, 0.6133942161339422], [0.444672131147541, 0.6118721461187214], [0.4456967213114754, 0.6103500761035008], [0.4456967213114754, 0.6073059360730594], [0.44672131147540983, 0.6057838660578386], [0.44672131147540983, 0.604261796042618], [0.44774590163934425, 0.6027397260273972], [0.44774590163934425, 0.6012176560121766], [0.44774590163934425, 0.5996955859969558], [0.4487704918032787, 0.5981735159817352], [0.4487704918032787, 0.5966514459665144], [0.4487704918032787, 0.5951293759512938], [0.44979508196721313, 0.593607305936073], [0.44979508196721313, 0.5920852359208524], [0.44979508196721313, 0.5905631659056316], [0.44979508196721313, 0.589041095890411], [0.44979508196721313, 0.5875190258751902], [0.44979508196721313, 0.5859969558599696], [0.44979508196721313, 0.5844748858447488], [0.44979508196721313, 0.5829528158295282], [0.45081967213114754, 0.5814307458143074], [0.45081967213114754, 0.578386605783866], [0.45081967213114754, 0.5768645357686454], [0.45081967213114754, 0.573820395738204], [0.45081967213114754, 0.5722983257229832], [0.45081967213114754, 0.5707762557077626], [0.45184426229508196, 0.5692541856925418], [0.45184426229508196, 0.5677321156773212], [0.45184426229508196, 0.5662100456621004], [0.45184426229508196, 0.5646879756468798], [0.45184426229508196, 0.563165905631659], [0.45184426229508196, 0.5616438356164384], [0.45286885245901637, 0.5601217656012176], [0.45286885245901637, 0.558599695585997], [0.45286885245901637, 0.5570776255707762], [0.45389344262295084, 0.5555555555555556], [0.45389344262295084, 0.5540334855403348], [0.45389344262295084, 0.5525114155251142], [0.45389344262295084, 0.5509893455098934], [0.45389344262295084, 0.5494672754946728], [0.45491803278688525, 0.5494672754946728], [0.45491803278688525, 0.547945205479452], [0.45491803278688525, 0.5464231354642314], [0.45491803278688525, 0.5449010654490106], [0.45491803278688525, 0.54337899543379], [0.45594262295081966, 0.54337899543379], [0.45594262295081966, 0.5418569254185692], [0.45594262295081966, 0.5403348554033486], [0.45594262295081966, 0.5388127853881278], [0.45594262295081966, 0.5372907153729072], [0.45594262295081966, 0.5357686453576864], [0.4569672131147541, 0.5357686453576864], [0.4569672131147541, 0.5342465753424658], [0.4569672131147541, 0.532724505327245], [0.4569672131147541, 0.5312024353120244], [0.4569672131147541, 0.5296803652968036], [0.45799180327868855, 0.528158295281583], [0.45799180327868855, 0.5266362252663622], [0.45799180327868855, 0.5251141552511416], [0.45901639344262296, 0.5235920852359208], [0.45901639344262296, 0.5220700152207002], [0.45901639344262296, 0.5205479452054794], [0.45901639344262296, 0.5190258751902588], [0.45901639344262296, 0.517503805175038], [0.45901639344262296, 0.5159817351598174], [0.4600409836065574, 0.5144596651445966], [0.4600409836065574, 0.512937595129376], [0.4600409836065574, 0.5114155251141552], [0.4600409836065574, 0.5098934550989346], [0.4600409836065574, 0.5068493150684932], [0.4610655737704918, 0.5068493150684932], [0.4610655737704918, 0.5053272450532724], [0.4610655737704918, 0.5038051750380518], [0.4610655737704918, 0.502283105022831], [0.46209016393442626, 0.5007610350076104], [0.46209016393442626, 0.4992389649923896], [0.46209016393442626, 0.4977168949771689], [0.46209016393442626, 0.4961948249619482], [0.46209016393442626, 0.4946727549467275], [0.46311475409836067, 0.4931506849315068], [0.46311475409836067, 0.4916286149162861], [0.4641393442622951, 0.4901065449010654], [0.4641393442622951, 0.4885844748858447], [0.4641393442622951, 0.4855403348554033], [0.4641393442622951, 0.4840182648401826], [0.4641393442622951, 0.4824961948249619], [0.4641393442622951, 0.4809741248097412], [0.4641393442622951, 0.4794520547945205], [0.4641393442622951, 0.4779299847792998], [0.4641393442622951, 0.4764079147640791], [0.4641393442622951, 0.4748858447488584], [0.4641393442622951, 0.4733637747336377], [0.4641393442622951, 0.4703196347031963], [0.4651639344262295, 0.4687975646879756], [0.4651639344262295, 0.4672754946727549], [0.4651639344262295, 0.4657534246575342], [0.4651639344262295, 0.4642313546423135], [0.4651639344262295, 0.4627092846270928], [0.4651639344262295, 0.4611872146118721], [0.4651639344262295, 0.4596651445966514], [0.4651639344262295, 0.4581430745814307], [0.4651639344262295, 0.45662100456621], [0.4651639344262295, 0.4550989345509893], [0.4651639344262295, 0.4535768645357686], [0.4661885245901639, 0.4520547945205479], [0.4661885245901639, 0.4505327245053272], [0.4661885245901639, 0.4490106544901065], [0.4661885245901639, 0.4474885844748858], [0.4661885245901639, 0.4459665144596651], [0.4661885245901639, 0.4444444444444444], [0.4661885245901639, 0.4429223744292237], [0.4661885245901639, 0.441400304414003], [0.4661885245901639, 0.4398782343987823], [0.4661885245901639, 0.4383561643835616], [0.4661885245901639, 0.4368340943683409], [0.4672131147540984, 0.4353120243531202], [0.4672131147540984, 0.4337899543378995], [0.4672131147540984, 0.4322678843226788], [0.4672131147540984, 0.4307458143074581], [0.4672131147540984, 0.4292237442922374], [0.4672131147540984, 0.4277016742770167], [0.4672131147540984, 0.426179604261796], [0.4672131147540984, 0.4231354642313546], [0.4672131147540984, 0.4200913242009132], [0.4682377049180328, 0.4170471841704718], [0.4682377049180328, 0.4155251141552511], [0.4682377049180328, 0.4140030441400304], [0.4682377049180328, 0.4124809741248097], [0.4692622950819672, 0.410958904109589], [0.4692622950819672, 0.4094368340943683], [0.4692622950819672, 0.4063926940639269], [0.4692622950819672, 0.4048706240487062], [0.4702868852459016, 0.4033485540334855], [0.4702868852459016, 0.4018264840182648]], "object_id": 1, "start_time": 1047, "end_time": 2509}, {"path": [[0.44979508196721313, 0.604261796042618], [0.44979508196721313, 0.60882800608828], [0.44979508196721313, 0.6103500761035008], [0.44979508196721313, 0.6118721461187214], [0.45081967213114754, 0.6149162861491628], [0.45184426229508196, 0.6179604261796042]], "object_id": 1, "start_time": 3167,