{"scribbles": [[], [], [], [], [], [], [], [], [], [], [], [], [], [], [], [], [], [], [], [], [], [], [], [], [], [], [], [], [], [], [], [], [], [], [{"path": [[0.6301229508196722, 0.6560121765601218], [0.6301229508196722, 0.6575342465753424], [0.6301229508196722, 0.6590563165905632], [0.6301229508196722, 0.6605783866057838], [0.6301229508196722, 0.6636225266362252], [0.6301229508196722, 0.665144596651446], [0.6301229508196722, 0.6681887366818874], [0.6290983606557377, 0.669710806697108], [0.6290983606557377, 0.6727549467275494], [0.6290983606557377, 0.6742770167427702], [0.6290983606557377, 0.6757990867579908], [0.6290983606557377, 0.6788432267884322], [0.6301229508196722, 0.680365296803653], [0.6301229508196722, 0.6818873668188736], [0.6311475409836066, 0.6834094368340944], [0.6311475409836066, 0.684931506849315], [0.6311475409836066, 0.6864535768645358], [0.6301229508196722, 0.6894977168949772], [0.6290983606557377, 0.6894977168949772], [0.6280737704918032, 0.6910197869101978], [0.6260245901639344, 0.6910197869101978], [0.625, 0.6910197869101978], [0.6239754098360656, 0.6910197869101978], [0.6229508196721312, 0.6910197869101978], [0.6219262295081968, 0.6910197869101978], [0.6209016393442623, 0.6910197869101978], [0.6198770491803278, 0.6910197869101978], [0.6188524590163934, 0.6910197869101978], [0.617827868852459, 0.6910197869101978], [0.6168032786885246, 0.6894977168949772], [0.6157786885245902, 0.6879756468797564], [0.6157786885245902, 0.684931506849315], [0.6147540983606558, 0.6834094368340944], [0.6147540983606558, 0.6818873668188736], [0.6137295081967213, 0.6818873668188736], [0.6137295081967213, 0.680365296803653], [0.6127049180327869, 0.6788432267884322], [0.6116803278688525, 0.680365296803653], [0.610655737704918, 0.6818873668188736], [0.6096311475409836, 0.684931506849315], [0.6086065573770492, 0.6864535768645358], [0.6075819672131147, 0.6879756468797564], [0.6065573770491803, 0.6925418569254186]], "object_id": 1, "start_time": 0, "end_time": 437}, {"path": [[0.6014344262295082, 0.1948249619482496], [0.6024590163934426, 0.1933028919330289], [0.6065573770491803, 0.1902587519025875], [0.6086065573770492, 0.1902587519025875], [0.6116803278688525, 0.1902587519025875], [0.6168032786885246, 0.1887366818873668], [0.6198770491803278, 0.1872146118721461], [0.6219262295081968, 0.1856925418569254], [0.625, 0.1841704718417047], [0.6290983606557377, 0.182648401826484], [0.6331967213114754, 0.1811263318112633], [0.6342213114754098, 0.1811263318112633], [0.6372950819672131, 0.1811263318112633], [0.6383196721311475, 0.1811263318112633], [0.6403688524590164, 0.1841704718417047], [0.6413934426229508, 0.1856925418569254], [0.6444672131147541, 0.1887366818873668], [0.6444672131147541, 0.1902587519025875], [0.6465163934426229, 0.1933028919330289], [0.6485655737704918, 0.1963470319634703], [0.6485655737704918, 0.197869101978691], [0.6495901639344263, 0.1993911719939117], [0.6506147540983607, 0.2024353120243531], [0.6506147540983607, 0.2054794520547945], [0.6506147540983607, 0.2070015220700152], [0.6495901639344263, 0.2100456621004566], [0.6485655737704918, 0.213089802130898], [0.6465163934426229, 0.2176560121765601], [0.6434426229508197, 0.2252663622526636], [0.6434426229508197, 0.2267884322678843], [0.6403688524590164, 0.2359208523592085], [0.639344262295082, 0.2404870624048706], [0.639344262295082, 0.243531202435312], [0.6362704918032787, 0.2496194824961948], [0.6362704918032787, 0.2526636225266362], [0.6342213114754098, 0.2572298325722983], [0.6331967213114754, 0.258751902587519], [0.6331967213114754, 0.2617960426179604], [0.632172131147541, 0.2648401826484018], [0.632172131147541, 0.2678843226788432], [0.6342213114754098, 0.2694063926940639], [0.6352459016393442, 0.2694063926940639], [0.6383196721311475, 0.2694063926940639], [0.6413934426229508, 0.2694063926940639], [0.6454918032786885, 0.2694063926940639], [0.6465163934426229, 0.2694063926940639], [0.6495901639344263, 0.2694063926940639], [0.6506147540983607, 0.2694063926940639], [0.6536885245901639, 0.2709284627092846], [0.6536885245901639, 0.2724505327245053], [0.6547131147540983, 0.2754946727549467], [0.6547131147540983, 0.2785388127853881], [0.6536885245901639, 0.2831050228310502], [0.6526639344262295, 0.289193302891933], [0.6495901639344263, 0.2983257229832572], [0.6485655737704918, 0.3028919330289193], [0.6465163934426229, 0.3074581430745814], [0.6444672131147541, 0.3135464231354642], [0.6424180327868853, 0.319634703196347], [0.6424180327868853, 0.3226788432267884], [0.6424180327868853, 0.3257229832572298], [0.6424180327868853, 0.3272450532724505], [0.6424180327868853, 0.3302891933028919], [0.6434426229508197, 0.3318112633181126], [0.6444672131147541, 0.3333333333333333], [0.6454918032786885, 0.3363774733637747], [0.6465163934426229, 0.3363774733637747], [0.6475409836065574, 0.3378995433789954], [0.6485655737704918, 0.3409436834094368], [0.6485655737704918, 0.3424657534246575], [0.6495901639344263, 0.3470319634703196], [0.6495901639344263, 0.3485540334855403], [0.6495901639344263, 0.3546423135464231], [0.6495901639344263, 0.3576864535768645], [0.6495901639344263, 0.3622526636225266], [0.6495901639344263, 0.3698630136986301], [0.6506147540983607, 0.3744292237442922], [0.6506147540983607, 0.3774733637747336], [0.6516393442622951, 0.3835616438356164], [0.6526639344262295, 0.3866057838660578], [0.6526639344262295, 0.3896499238964992], [0.6536885245901639, 0.3926940639269406], [0.6547131147540983, 0.395738203957382]], "object_id": 2, "start_time": 3335, "end_time": 4047}], [], [], [], [], [], [], [], [], [], [], [], [], [], [], [], [], [], [], [], [], [], [], [], [], [], [], [], [], [], [], [], [], [], [], []], "sequence": "paragliding"}