{"scribbles": [[], [], [], [], [], [], [], [], [], [], [], [], [], [], [], [], [], [], [], [], [], [], [], [], [], [], [], [], [], [], [], [{"path": [[0.48975409836065575, 0.3759512937595129], [0.48975409836065575, 0.3729071537290715], [0.48975409836065575, 0.3713850837138508], [0.492827868852459, 0.3698630136986301], [0.4948770491803279, 0.3698630136986301], [0.4989754098360656, 0.3683409436834094], [0.5020491803278688, 0.3683409436834094], [0.507172131147541, 0.3683409436834094], [0.5112704918032787, 0.3683409436834094], [0.5153688524590164, 0.3683409436834094], [0.5194672131147541, 0.3698630136986301], [0.5235655737704918, 0.3713850837138508], [0.5276639344262295, 0.3744292237442922], [0.5307377049180327, 0.3759512937595129], [0.5338114754098361, 0.380517503805175], [0.5368852459016393, 0.3820395738203957], [0.5399590163934426, 0.3850837138508371], [0.5440573770491803, 0.3881278538812785], [0.5471311475409836, 0.3896499238964992], [0.5522540983606558, 0.3911719939117199], [0.5573770491803278, 0.3926940639269406], [0.5625, 0.3942161339421613], [0.5655737704918032, 0.3942161339421613], [0.5758196721311475, 0.3942161339421613], [0.5819672131147541, 0.3942161339421613], [0.5901639344262295, 0.3942161339421613], [0.5973360655737705, 0.3942161339421613], [0.6045081967213115, 0.395738203957382], [0.6096311475409836, 0.3972602739726027], [0.6127049180327869, 0.4003044140030441], [0.6157786885245902, 0.4033485540334855], [0.6168032786885246, 0.4048706240487062], [0.6209016393442623, 0.4094368340943683], [0.6239754098360656, 0.410958904109589], [0.6270491803278688, 0.4124809741248097], [0.6301229508196722, 0.4124809741248097], [0.6342213114754098, 0.4140030441400304], [0.6372950819672131, 0.4140030441400304], [0.639344262295082, 0.4140030441400304], [0.6413934426229508, 0.4140030441400304], [0.6413934426229508, 0.4155251141552511], [0.6403688524590164, 0.4185692541856925], [0.6383196721311475, 0.4246575342465753], [0.6342213114754098, 0.4292237442922374], [0.6301229508196722, 0.4353120243531202], [0.6280737704918032, 0.4398782343987823], [0.6280737704918032, 0.4444444444444444], [0.6290983606557377, 0.4474885844748858], [0.6352459016393442, 0.4474885844748858], [0.6424180327868853, 0.4474885844748858], [0.6465163934426229, 0.4474885844748858]], "object_id": 1, "start_time": 0, "end_time": 434}], [], [], [], [], [], [], [], [], [], [], [], [], [], [], [], [], [], [], [], [], [], [], [], [], [], [], [], [], [], [], [], [], [], [], []], "sequence": "varanus-cage"}