{"scribbles": [[], [], [], [], [], [], [], [], [], [], [], [], [], [], [], [], [], [], [], [], [], [], [], [], [], [], [], [], [{"path": [[0.8627049180327869, 0.5951293759512938], [0.8627049180327869, 0.593607305936073], [0.8627049180327869, 0.5920852359208524], [0.8637295081967213, 0.5920852359208524], [0.8657786885245902, 0.5905631659056316], [0.8657786885245902, 0.589041095890411], [0.867827868852459, 0.5875190258751902], [0.8688524590163934, 0.5875190258751902], [0.8719262295081968, 0.5859969558599696], [0.8729508196721312, 0.5844748858447488], [0.8760245901639344, 0.5844748858447488]], "object_id": 2, "start_time": 0, "end_time": 110}, {"path": [[0.8924180327868853, 0.5646879756468798], [0.8924180327868853, 0.563165905631659], [0.8924180327868853, 0.5616438356164384], [0.8934426229508197, 0.5616438356164384], [0.8944672131147541, 0.5601217656012176], [0.8954918032786885, 0.5601217656012176], [0.8965163934426229, 0.5601217656012176]], "object_id": 2, "start_time": 649, "end_time": 756}, {"path": [[0.8514344262295082, 0.5951293759512938], [0.8504098360655737, 0.5951293759512938], [0.8504098360655737, 0.593607305936073], [0.8504098360655737, 0.5920852359208524], [0.8493852459016393, 0.5920852359208524], [0.8493852459016393, 0.5905631659056316], [0.8483606557377049, 0.589041095890411], [0.8483606557377049, 0.5859969558599696], [0.8473360655737705, 0.5844748858447488], [0.8473360655737705, 0.5829528158295282], [0.8473360655737705, 0.5814307458143074], [0.8463114754098361, 0.5814307458143074], [0.8463114754098361, 0.5799086757990868], [0.8452868852459017, 0.578386605783866], [0.8452868852459017, 0.5768645357686454], [0.8442622950819673, 0.5753424657534246], [0.8442622950819673, 0.573820395738204], [0.8442622950819673, 0.5722983257229832], [0.8432377049180327, 0.5707762557077626], [0.8432377049180327, 0.5692541856925418], [0.8432377049180327, 0.5677321156773212], [0.8432377049180327, 0.5662100456621004], [0.8432377049180327, 0.5646879756468798], [0.8432377049180327, 0.563165905631659], [0.8432377049180327, 0.5616438356164384], [0.8432377049180327, 0.5601217656012176], [0.8432377049180327, 0.558599695585997], [0.8432377049180327, 0.5570776255707762], [0.8432377049180327, 0.5555555555555556], [0.8432377049180327, 0.5540334855403348], [0.8432377049180327, 0.5525114155251142], [0.8432377049180327, 0.5509893455098934], [0.8432377049180327, 0.5494672754946728], [0.8432377049180327, 0.547945205479452], [0.8432377049180327, 0.5464231354642314], [0.8432377049180327, 0.5449010654490106], [0.8432377049180327, 0.54337899543379], [0.8432377049180327, 0.5418569254185692], [0.8432377049180327, 0.5403348554033486], [0.8432377049180327, 0.5388127853881278], [0.8432377049180327, 0.5372907153729072], [0.8432377049180327, 0.5357686453576864], [0.8422131147540983, 0.5357686453576864], [0.8422131147540983, 0.5342465753424658], [0.8422131147540983, 0.532724505327245], [0.8422131147540983, 0.5312024353120244], [0.8411885245901639, 0.5312024353120244], [0.8411885245901639, 0.5296803652968036], [0.8411885245901639, 0.528158295281583], [0.8411885245901639, 0.5266362252663622], [0.8411885245901639, 0.5251141552511416], [0.8401639344262295, 0.5235920852359208], [0.8401639344262295, 0.5220700152207002], [0.8401639344262295, 0.5205479452054794], [0.8391393442622951, 0.5205479452054794], [0.8391393442622951, 0.5190258751902588], [0.8381147540983607, 0.517503805175038], [0.8381147540983607, 0.5159817351598174], [0.8381147540983607, 0.5144596651445966], [0.8370901639344263, 0.512937595129376], [0.8370901639344263, 0.5114155251141552], [0.8360655737704918, 0.5098934550989346], [0.8360655737704918, 0.5083713850837138], [0.8350409836065574, 0.5083713850837138], [0.8350409836065574, 0.5068493150684932], [0.8350409836065574, 0.5053272450532724], [0.8340163934426229, 0.5038051750380518], [0.8340163934426229, 0.502283105022831], [0.8329918032786885, 0.4992389649923896], [0.8329918032786885, 0.4977168949771689], [0.8319672131147541, 0.4961948249619482], [0.8319672131147541, 0.4946727549467275], [0.8319672131147541, 0.4931506849315068], [0.8319672131147541, 0.4901065449010654], [0.8309426229508197, 0.4901065449010654], [0.8309426229508197, 0.4885844748858447], [0.8299180327868853, 0.487062404870624], [0.8299180327868853, 0.4855403348554033], [0.8299180327868853, 0.4840182648401826], [0.8288934426229508, 0.4809741248097412], [0.8288934426229508, 0.4794520547945205], [0.8288934426229508, 0.4764079147640791], [0.8288934426229508, 0.4748858447488584], [0.8278688524590164, 0.471841704718417], [0.8278688524590164, 0.4703196347031963], [0.8278688524590164, 0.4687975646879756], [0.826844262295082, 0.4687975646879756], [0.826844262295082, 0.4657534246575342], [0.826844262295082, 0.4627092846270928], [0.8258196721311475, 0.4611872146118721], [0.8258196721311475, 0.4596651445966514], [0.8258196721311475, 0.4581430745814307], [0.8258196721311475, 0.45662100456621], [0.8247950819672131, 0.4550989345509893], [0.8247950819672131, 0.4535768645357686], [0.8247950819672131, 0.4520547945205479], [0.8237704918032787, 0.4505327245053272], [0.8237704918032787, 0.4490106544901065], [0.8237704918032787, 0.4474885844748858], [0.8237704918032787, 0.4444444444444444], [0.8237704918032787, 0.4429223744292237], [0.8237704918032787, 0.4398782343987823], [0.8237704918032787, 0.4368340943683409], [0.8237704918032787, 0.4337899543378995], [0.8237704918032787, 0.4322678843226788], [0.8247950819672131, 0.4322678843226788], [0.8247950819672131, 0.4292237442922374], [0.8247950819672131, 0.4277016742770167], [0.8247950819672131, 0.426179604261796], [0.8247950819672131, 0.4246575342465753], [0.8247950819672131, 0.4231354642313546], [0.8258196721311475, 0.4216133942161339], [0.8258196721311475, 0.4185692541856925], [0.8258196721311475, 0.4170471841704718], [0.826844262295082, 0.4170471841704718], [0.826844262295082, 0.4140030441400304], [0.826844262295082, 0.410958904109589], [0.826844262295082, 0.4094368340943683], [0.8278688524590164, 0.4079147640791476], [0.8278688524590164, 0.4063926940639269], [0.8278688524590164, 0.4048706240487062], [0.8278688524590164, 0.4033485540334855], [0.8278688524590164, 0.4018264840182648], [0.8278688524590164, 0.3987823439878234], [0.8278688524590164, 0.3972602739726027], [0.8288934426229508, 0.3972602739726027], [0.8288934426229508, 0.395738203957382], [0.8288934426229508, 0.3942161339421613], [0.8288934426229508, 0.395738203957382], [0.8288934426229508, 0.3972602739726027], [0.8288934426229508, 0.4003044140030441], [0.8288934426229508, 0.4018264840182648], [0.8288934426229508, 0.4048706240487062], [0.8288934426229508, 0.4063926940639269], [0.8288934426229508, 0.410958904109589], [0.8288934426229508, 0.4140030441400304], [0.8288934426229508, 0.4155251141552511], [0.8288934426229508, 0.4185692541856925], [0.8288934426229508, 0.4200913242009132], [0.8288934426229508, 0.4231354642313546], [0.8288934426229508, 0.4246575342465753], [0.8288934426229508, 0.426179604261796], [0.8288934426229508, 0.4277016742770167], [0.8299180327868853, 0.4277016742770167], [0.8299180327868853, 0.4292237442922374], [0.8299180327868853, 0.4307458143074581], [0.8299180327868853, 0.4322678843226788], [0.8309426229508197, 0.4337899543378995], [0.8309426229508197, 0.4353120243531202], [0.8309426229508197, 0.4383561643835616], [0.8309426229508197, 0.4398782343987823], [0.8319672131147541, 0.4398782343987823], [0.8319672131147541, 0.441400304414003], [0.8319672131147541, 0.4429223744292237], [0.8319672131147541, 0.4444444444444444], [0.8329918032786885, 0.4474885844748858], [0.8329918032786885, 0.4490106544901065], [0.8329918032786885, 0.4505327245053272], [0.8340163934426229, 0.4505327245053272], [0.8340163934426229, 0.4520547945205479], [0.8340163934426229, 0.4535768645357686], [0.8350409836065574, 0.4550989345509893], [0.8360655737704918, 0.4550989345509893], [0.8360655737704918, 0.45662100456621], [0.8370901639344263, 0.4581430745814307], [0.8370901639344263, 0.4596651445966514], [0.8381147540983607, 0.4611872146118721], 