{"scribbles": [[], [], [], [], [], [], [], [], [], [], [], [], [], [], [], [], [], [], [], [], [], [], [], [{"path": [[0.8165983606557377, 0.6453576864535768], [0.8145491803278688, 0.6438356164383562], [0.8135245901639344, 0.6423135464231354], [0.8125, 0.6423135464231354], [0.8114754098360656, 0.6423135464231354], [0.8104508196721312, 0.6423135464231354], [0.8094262295081968, 0.6423135464231354], [0.8084016393442623, 0.6423135464231354], [0.8073770491803278, 0.6423135464231354], [0.8073770491803278, 0.6438356164383562], [0.8063524590163934, 0.6438356164383562]], "object_id": 2, "start_time": 0, "end_time": 102}, {"path": [[0.8391393442622951, 0.634703196347032], [0.8401639344262295, 0.634703196347032], [0.8422131147540983, 0.6362252663622526], [0.8432377049180327, 0.6362252663622526], [0.8442622950819673, 0.6362252663622526], [0.8452868852459017, 0.6362252663622526]], "object_id": 2, "start_time": 871, "end_time": 941}, {"path": [[0.8002049180327869, 0.649923896499239], [0.7991803278688525, 0.6484018264840182], [0.7991803278688525, 0.649923896499239], [0.7991803278688525, 0.6514459665144596], [0.798155737704918, 0.654490106544901], [0.798155737704918, 0.6575342465753424], [0.7991803278688525, 0.6575342465753424]], "object_id": 2, "start_time": 1740, "end_time": 1817}, {"path": [[0.805327868852459, 0.4398782343987823], [0.8043032786885246, 0.4383561643835616], [0.8032786885245902, 0.4383561643835616], [0.8032786885245902, 0.4398782343987823], [0.8032786885245902, 0.441400304414003], [0.8022540983606558, 0.4429223744292237], [0.8022540983606558, 0.4444444444444444], [0.8022540983606558, 0.4474885844748858], [0.8012295081967213, 0.4505327245053272], [0.8002049180327869, 0.4535768645357686], [0.7991803278688525, 0.45662100456621], [0.798155737704918, 0.4596651445966514], [0.7961065573770492, 0.4627092846270928], [0.7950819672131147, 0.4672754946727549], [0.7940573770491803, 0.4703196347031963], [0.7940573770491803, 0.4733637747336377], [0.7930327868852459, 0.4748858447488584], [0.7930327868852459, 0.4779299847792998], [0.7930327868852459, 0.4794520547945205], [0.7930327868852459, 0.4809741248097412], [0.7930327868852459, 0.4824961948249619], [0.7930327868852459, 0.4840182648401826], [0.7920081967213115, 0.4855403348554033], [0.7909836065573771, 0.4855403348554033], [0.7909836065573771, 0.487062404870624], [0.7899590163934426, 0.487062404870624], [0.7909836065573771, 0.487062404870624], [0.7920081967213115, 0.487062404870624], [0.7930327868852459, 0.4855403348554033], [0.7950819672131147, 0.4855403348554033], [0.7961065573770492, 0.4855403348554033], [0.7971311475409836, 0.4855403348554033], [0.798155737704918, 0.487062404870624], [0.798155737704918, 0.4885844748858447], [0.7991803278688525, 0.4901065449010654], [0.7991803278688525, 0.4916286149162861], [0.798155737704918, 0.4916286149162861], [0.798155737704918, 0.4931506849315068], [0.798155737704918, 0.4946727549467275], [0.7971311475409836, 0.4946727549467275], [0.7961065573770492, 0.4961948249619482], [0.7950819672131147, 0.4977168949771689], [0.7940573770491803, 0.4992389649923896], [0.7940573770491803, 0.5007610350076104], [0.7930327868852459, 0.502283105022831], [0.7920081967213115, 0.5038051750380518], [0.7909836065573771, 0.5068493150684932], [0.7909836065573771, 0.5083713850837138], [0.7899590163934426, 0.5114155251141552], [0.7889344262295082, 0.512937595129376], [0.7889344262295082, 0.5159817351598174], [0.7889344262295082, 0.517503805175038], [0.7889344262295082, 0.5205479452054794], [0.7889344262295082, 0.5220700152207002], [0.7899590163934426, 0.5235920852359208], [0.7909836065573771, 0.5251141552511416], [0.7930327868852459, 0.5266362252663622], [0.7930327868852459, 0.528158295281583], [0.7940573770491803, 0.5296803652968036], [0.7940573770491803, 0.5312024353120244], [0.7940573770491803, 0.532724505327245], [0.7950819672131147, 0.5342465753424658], [0.7950819672131147, 0.5357686453576864], [0.7950819672131147, 0.5372907153729072], [0.7961065573770492, 0.5388127853881278], [0.7971311475409836, 0.5403348554033486], [0.798155737704918, 0.5403348554033486], [0.798155737704918, 0.5418569254185692], [0.798155737704918, 0.54337899543379], [0.798155737704918, 0.5449010654490106], [0.798155737704918, 0.5464231354642314], [0.7971311475409836, 0.547945205479452], [0.7971311475409836, 0.5509893455098934], [0.7971311475409836, 0.5525114155251142], [0.7971311475409836, 0.5555555555555556], [0.7971311475409836, 0.5570776255707762], [0.7971311475409836, 0.5601217656012176], [0.798155737704918, 0.5616438356164384], [0.798155737704918, 0.563165905631659], [0.798155737704918, 0.5662100456621004], [0.798155737704918, 0.5677321156773212], [0.798155737704918, 0.5707762557077626], [0.798155737704918, 0.5722983257229832], [0.7991803278688525, 0.573820395738204], [0.7991803278688525, 0.5753424657534246], [0.8002049180327869, 0.5768645357686454], [0.8012295081967213, 0.578386605783866], [0.8022540983606558, 0.578386605783866], [0.8032786885245902, 0.5814307458143074], [0.8032786885245902, 0.5829528158295282], [0.8043032786885246, 0.5844748858447488], [0.8043032786885246, 0.5859969558599696], [0.805327868852459, 0.5875190258751902]], "object_id": 1, "start_time": 4703, "end_time": 5620}], [], [], [], [], [], [], [], [], [], [], [], [], [], [], [], [], [], [], [], [], [], [], [], [], [], [], [], [], [], [], [], [], [], [], [], [], [], [], [], [], [], [], [], [], [], [], [], [], [], [], [], [], [], [], [], []], "sequence": "skate-park"}