{"scribbles": [[], [], [], [], [], [], [], [], [], [], [], [], [], [], [], [], [{"path": [[0.9815573770491803, 0.1035007610350076], [0.9784836065573771, 0.1004566210045662], [0.9754098360655737, 0.0958904109589041], [0.9743852459016393, 0.0943683409436834], [0.9743852459016393, 0.0928462709284627], [0.9743852459016393, 0.0943683409436834], [0.9754098360655737, 0.0958904109589041], [0.9774590163934426, 0.1004566210045662], [0.9784836065573771, 0.106544901065449], [0.9795081967213115, 0.1126331811263318], [0.9795081967213115, 0.1202435312024353], [0.9795081967213115, 0.1278538812785388], [0.9795081967213115, 0.1354642313546423], [0.9774590163934426, 0.1430745814307458], [0.9764344262295082, 0.1506849315068493], [0.9754098360655737, 0.1582952815829528], [0.9754098360655737, 0.1613394216133942], [0.9743852459016393, 0.1735159817351598], [0.9743852459016393, 0.182648401826484], [0.9743852459016393, 0.1917808219178082], [0.9733606557377049, 0.2009132420091324], [0.9713114754098361, 0.2085235920852359], [0.9682377049180327, 0.2161339421613394], [0.9651639344262295, 0.2222222222222222], [0.9600409836065574, 0.228310502283105], [0.9569672131147541, 0.2328767123287671], [0.9528688524590164, 0.2374429223744292], [0.9497950819672131, 0.243531202435312], [0.9487704918032787, 0.2480974124809741], [0.9487704918032787, 0.2511415525114155]], "object_id": 2, "start_time": 0, "end_time": 233}, {"path": [[0.9661885245901639, 0.558599695585997], [0.9672131147540983, 0.5525114155251142], [0.9661885245901639, 0.547945205479452], [0.9651639344262295, 0.5464231354642314], [0.9641393442622951, 0.5449010654490106], [0.9631147540983607, 0.5449010654490106], [0.9600409836065574, 0.5464231354642314], [0.9569672131147541, 0.547945205479452], [0.9528688524590164, 0.5509893455098934], [0.9487704918032787, 0.5540334855403348], [0.944672131147541, 0.558599695585997], [0.9395491803278688, 0.5646879756468798], [0.9354508196721312, 0.5722983257229832], [0.9313524590163934, 0.578386605783866], [0.9293032786885246, 0.5859969558599696], [0.9262295081967213, 0.5920852359208524], [0.9262295081967213, 0.5966514459665144], [0.9252049180327869, 0.6027397260273972], [0.9262295081967213, 0.6057838660578386], [0.9272540983606558, 0.6103500761035008], [0.9293032786885246, 0.6118721461187214], [0.9313524590163934, 0.6118721461187214], [0.9334016393442623, 0.6133942161339422], [0.9354508196721312, 0.6133942161339422], [0.9364754098360656, 0.6133942161339422], [0.9375, 0.6133942161339422], [0.9385245901639344, 0.6133942161339422], [0.9385245901639344, 0.6149162861491628], [0.9385245901639344, 0.6179604261796042], [0.9375, 0.6210045662100456], [0.9354508196721312, 0.624048706240487], [0.9334016393442623, 0.6286149162861492], [0.9323770491803278, 0.6316590563165906], [0.930327868852459, 0.6362252663622526], [0.930327868852459, 0.6377473363774734], [0.930327868852459, 0.639269406392694], [0.9323770491803278, 0.6407914764079148], [0.9354508196721312, 0.6407914764079148], [0.9395491803278688, 0.639269406392694], [0.944672131147541, 0.6362252663622526], [0.9497950819672131, 0.634703196347032], [0.9559426229508197, 0.6331811263318112], [0.9590163934426229, 0.6331811263318112], [0.9672131147540983, 0.634703196347032], [0.9723360655737705, 0.6362252663622526], [0.9764344262295082, 0.6423135464231354], [0.9795081967213115, 0.6484018264840182], [0.9815573770491803, 0.6560121765601218], [0.9825819672131147, 0.6636225266362252], [0.9825819672131147, 0.6742770167427702], [0.9815573770491803, 0.6818873668188736], [0.9805327868852459, 0.6864535768645358], [0.9795081967213115, 0.7031963470319634], [0.9784836065573771, 0.7123287671232876], [0.9784836065573771, 0.7245053272450532], [0.9784836065573771, 0.7366818873668188], [0.9784836065573771, 0.7503805175038052]], "object_id": 2, "start_time": 743, "end_time": 1220}, {"path": [[0.8340163934426229, 0.5205479452054794], [0.8258196721311475, 0.5235920852359208], [0.8032786885245902, 0.5342465753424658], [0.7971311475409836, 0.5388127853881278], [0.7786885245901639, 0.547945205479452], [0.7663934426229508, 0.5525114155251142], [0.7520491803278688, 0.558599695585997], [0.7387295081967213, 0.5616438356164384], [0.7254098360655737, 0.5646879756468798], [0.7100409836065574, 0.5677321156773212], [0.6967213114754098, 0.5677321156773212], [0.6834016393442623, 0.5677321156773212], [0.6700819672131147, 0.5692541856925418], [0.6567622950819673, 0.5692541856925418], [0.6434426229508197, 0.5707762557077626], [0.6280737704918032, 0.5722983257229832], [0.6127049180327869, 0.5753424657534246], [0.5973360655737705, 0.5768645357686454], [0.5819672131147541, 0.5814307458143074], [0.5665983606557377, 0.5844748858447488], [0.5522540983606558, 0.589041095890411], [0.5368852459016393, 0.5920852359208524], [0.5235655737704918, 0.5966514459665144], [0.5112704918032787, 0.5996955859969558], [0.4989754098360656, 0.604261796042618], [0.48770491803278687, 0.6057838660578386], [0.4764344262295082, 0.60882800608828], [0.4651639344262295, 0.6103500761035008], [0.45491803278688525, 0.6133942161339422], [0.444672131147541, 0.6149162861491628], [0.4344262295081967, 0.6164383561643836], [0.42418032786885246, 0.6179604261796042], [0.41598360655737704, 0.619482496194825], [0.4088114754098361, 0.619482496194825], [0.4026639344262295, 0.6164383561643836], [0.39651639344262296, 0.6118721461187214], [0.39241803278688525, 0.6027397260273972], [0.39036885245901637, 0.5905631659056316], [0.38831967213114754, 0.5768645357686454], [0.38831967213114754, 0.5601217656012176], [0.38831967213114754, 0.5418569254185692], [0.38934426229508196, 0.5220700152207002], [0.39036885245901637, 0.5038051750380518], [0.39139344262295084, 0.4840182648401826], [0.39241803278688525, 0.4672754946727549], [0.39241803278688525, 0.4490106544901065], [0.39241803278688525, 0.4322678843226788], [0.39139344262295084, 0.4170471841704718], [0.38934426229508196, 0.4018264840182648], [0.38729508196721313, 0.3911719939117199], [0.38422131147540983, 0.380517503805175], [0.38114754098360654, 0.3744292237442922], [0.3770491803278688, 0.3683409436834094], [0.3729508196721312, 0.3668188736681887], [0.367827868852459, 0.365296803652968], [0.3637295081967213, 0.3668188736681887], [0.35860655737704916, 0.3713850837138508], [0.35348360655737704, 0.3789954337899543], [0.3514344262295082, 0.3835616438356164], [0.3442622950819672, 0.4003044140030441], [0.3401639344262295, 0.4140030441400304], [0.33709016393442626, 0.4307458143074581], [0.33401639344262296, 0.4474885844748858], [0.3319672131147541, 0.4642313546423135], [0.32991803278688525, 0.4824961948249619], [0.32786885245901637, 0.4992389649923896], [0.32581967213114754, 0.5190258751902588], [0.3237704918032787, 0.528158295281583], [0.3176229508196721, 0.558599695585997], [0.3125, 0.5814307458143074], [0.30635245901639346, 0.6057838660578386], [0.29918032786885246, 0.6331811263318112], [0.29098360655737704, 0.6605783866057838], [0.2817622950819672, 0.6910197869101978], [0.2725409836065574, 0.7199391171993912], [0.26536885245901637, 0.7488584474885844], [0.2612704918032787, 0.7625570776255708], [0.2540983606557377, 0.8006088280060882], [0.2520491803278688, 0.8234398782343988], [0.2530737704918033, 0.8401826484018264], [0.257172131147541, 0.8493150684931506], [0.26536885245901637, 0.8569254185692542], [0.2776639344262295, 0.8569254185692542], [0.29200819672131145, 0.8538812785388128], [0.30020491803278687, 0.8508371385083714]], "object_id": 1, "start_time": 3701,