{"scribbles": [[], [], [], [], [], [], [], [], [], [], [], [], [], [], [], [], [], [], [], [], [], [], [], [], [{"path": [[0.26434426229508196, 0.5540334855403348], [0.26331967213114754, 0.5525114155251142], [0.2612704918032787, 0.5509893455098934], [0.26229508196721313, 0.5494672754946728], [0.26331967213114754, 0.547945205479452], [0.26536885245901637, 0.5464231354642314], [0.26844262295081966, 0.5403348554033486], [0.27151639344262296, 0.5342465753424658], [0.27561475409836067, 0.528158295281583], [0.2786885245901639, 0.5220700152207002], [0.2817622950819672, 0.517503805175038], [0.2838114754098361, 0.512937595129376], [0.2858606557377049, 0.5098934550989346], [0.28790983606557374, 0.5083713850837138], [0.2889344262295082, 0.5068493150684932], [0.29098360655737704, 0.5068493150684932], [0.2930327868852459, 0.5083713850837138], [0.2930327868852459, 0.5098934550989346], [0.2930327868852459, 0.5144596651445966], [0.2930327868852459, 0.5159817351598174], [0.2930327868852459, 0.5220700152207002], [0.29098360655737704, 0.5312024353120244], [0.2899590163934426, 0.5342465753424658], [0.28688524590163933, 0.5449010654490106], [0.2858606557377049, 0.5494672754946728], [0.2848360655737705, 0.5525114155251142], [0.2827868852459016, 0.558599695585997], [0.2827868852459016, 0.5601217656012176], [0.2838114754098361, 0.563165905631659], [0.2848360655737705, 0.563165905631659], [0.28688524590163933, 0.5616438356164384], [0.2899590163934426, 0.558599695585997], [0.29610655737704916, 0.5525114155251142], [0.29815573770491804, 0.5494672754946728], [0.3043032786885246, 0.5449010654490106], [0.30635245901639346, 0.54337899543379], [0.3114754098360656, 0.54337899543379], [0.3155737704918033, 0.5418569254185692], [0.319672131147541, 0.5418569254185692], [0.32274590163934425, 0.5403348554033486]], "object_id": 1, "start_time": 0, "end_time": 351}], [], [], [], [], [], [], [], [], [], [], [], [], [], [], [], [], [], [], [], [], [], [], [], [], []], "sequence": "rallye"}